id,name,url,category_breadcrumb,price_number,price_original,discountPercentage,mediaURL_image,mediaURL_image_fixed,ratingAverage,shop_id,shop_name,shop_url,shop_city,shop_tier,countSold,isTopAds,labelGroups,label_titles,totalRating,countReview,image_status,image_source,image_local_path
102278516708,[ISI 3] Purbasari Paket Body Care Viral HB Habbatussauda 200ml | Body Serum Gluta hya 180ml | LM Scrub Putih 100gr,https://www.tokopedia.com/bagong-grosir-solo/isi-3-purbasari-paket-body-care-viral-hb-habbatussauda-200ml-body-serum-gluta-hya-180ml-lm-scrub-putih-100gr-1732556253409412585?extParam=ivf%3Dfalse%26keyword%3Dbody+care%26search_id%3D20260212104412577BCC914F9E55036POQ%26src%3Dsearch,perawatan-tubuh/perawatan-kulit/body-lotion,52500,Rp53.999,0,https://p16-images-sign-sg.tokopedia-static.net/tos-alisg-i-aphluv4xwc-sg/7a5832cccf774889b87eb6dc9dfca8a3~tplv-aphluv4xwc-white-pad-v1:200:200.jpeg?lk3s=97278606&x-expires=1770896653&x-signature=5XzNmDpZZWBA7LvBpJvKA2%2B4oc4%3D&x-signature-webp=5tjf8AQxWx0xvQ4%2BeI%2FeNkatjW4%3D,https://p16-images-sign-sg.tokopedia-static.net/tos-alisg-i-aphluv4xwc-sg/7a5832cccf774889b87eb6dc9dfca8a3~tplv-aphluv4xwc-white-pad-v1:200:200.jpeg?lk3s=97278606&x-expires=1770896653&x-signature=5XzNmDpZZWBA7LvBpJvKA2%2B4oc4%3D&x-signature-webp=5tjf8AQxWx0xvQ4%2BeI%2FeNkatjW4%3D,4.8,7496310195292965353,BAGONG GROSIR SOLO,https://www.tokopedia.com/bagong-grosir-solo,Kab. Sragen,3,250,False,"[{""position"": ""ri_product_credibility"", ""title"": ""250+ terjual"", ""type"": """", ""url"": """", ""styles"": [], ""__typename"": ""SearchProductV5LabelGroups""}, {""position"": ""ri_product_offer"", ""title"": ""Bisa COD"", ""type"": """", ""url"": """", ""styles"": [{""key"": ""text-color"", ""value"": ""#FF7F17"", ""__typename"": ""SearchProductV5LabelGroupsStyle""}], ""__typename"": ""SearchProductV5LabelGroups""}, {""position"": ""final_price"", ""title"": ""Rp52.500"", ""type"": """", ""url"": """", ""styles"": [{""key"": ""text-color"", ""value"": ""#D70C4B"", ""__typename"": ""SearchProductV5LabelGroupsStyle""}], ""__typename"": ""SearchProductV5LabelGroups""}, {""position"": ""ri_product_offer_v2"", ""title"": ""Bisa COD"", ""type"": """", ""url"": """", ""styles"": [{""key"": ""outline-color"", ""value"": ""#DFE2EA"", ""__typename"": ""SearchProductV5LabelGroupsStyle""}, {""key"": ""text-color"", ""value"": ""#656C7B"", ""__typename"": ""SearchProductV5LabelGroupsStyle""}], ""__typename"": ""SearchProductV5LabelGroups""}]",250+ terjual | Bisa COD | Rp52.500 | Bisa COD,49,48,403,,
102705322917,PAKETAN BODYCARE PENCERAH BADAN VIRAL PURBASARI LULUR NALPAMARA SOAP BAR VIVA AIR MAWAR,https://www.tokopedia.com/nugraha-jaya-beauty/paketan-bodycare-pencerah-badan-viral-purbasari-lulur-nalpamara-soap-bar-viva-air-mawar-1733640027279558496?extParam=ivf%3Dfalse%26keyword%3Dbody+care%26search_id%3D20260212104412577BCC914F9E55036POQ%26src%3Dsearch,perawatan-tubuh/perawatan-kulit/body-scrub,54499,Rp54.999,0,https://p16-images-sign-sg.tokopedia-static.net/tos-alisg-i-aphluv4xwc-sg/df85603c62974767aec493d252663b85~tplv-aphluv4xwc-white-pad-v1:200:200.jpeg?lk3s=97278606&x-expires=1770896653&x-signature=nebUiOgGRfMgc%2BzhhrXqGYAb6go%3D&x-signature-webp=xqz8RGhE1z17GDuFqUyXmWqDmj4%3D,https://p16-images-sign-sg.tokopedia-static.net/tos-alisg-i-aphluv4xwc-sg/df85603c62974767aec493d252663b85~tplv-aphluv4xwc-white-pad-v1:200:200.jpeg?lk3s=97278606&x-expires=1770896653&x-signature=nebUiOgGRfMgc%2BzhhrXqGYAb6go%3D&x-signature-webp=xqz8RGhE1z17GDuFqUyXmWqDmj4%3D,4.4,7496247179940825952,Nugraha Jaya Beauty,https://www.tokopedia.com/nugraha-jaya-beauty,Banjarmasin,1,2000,False,"[{""position"": ""ri_product_credibility"", ""title"": ""2rb+ terjual"", ""type"": """", ""url"": """", ""styles"": [], ""__typename"": ""SearchProductV5LabelGroups""}, {""position"": ""nett_price"", ""title"": ""Rp54.499"", ""type"": """", ""url"": ""https://p16-images-comn-sg.tokopedia-static.net/tos-alisg-i-zr7vqa5nfb-sg/img/ic_promo-discount.png~tplv-zr7vqa5nfb-image.image"", ""styles"": [{""key"": ""background-color"", ""value"": ""#FFF5F6"", ""__typename"": ""SearchProductV5LabelGroupsStyle""}, {""key"": ""background-opacity"", ""value"": ""1"", ""__typename"": ""SearchProductV5LabelGroupsStyle""}, {""key"": ""outline-color"", ""value"": ""#FFB2C2"", ""__typename"": ""SearchProductV5LabelGroupsStyle""}, {""key"": ""text-color"", ""value"": ""#F94D63"", ""__typename"": ""SearchProductV5LabelGroupsStyle""}], ""__typename"": ""SearchProductV5LabelGroups""}, {""position"": ""overlay_1"", ""title"": ""Campaign"", ""type"": """", ""url"": ""https://p16-uploadpedia-sg.tokopedia-static.net/tos-alisg-i-zxty12jeln-sg/8caaede0c21c7e3be9a1b4e8d550acce.png~tplv-zxty12jeln-image.image"", ""styles"": [], ""__typename"": ""SearchProductV5LabelGroups""}, {""position"": ""ri_product_offer"", ""title"": ""Hemat s.d  1% Pakai Bonus"", ""type"": """", ""url"": """", ""styles"": [{""key"": ""text-color"", ""value"": ""#FF7F17"", ""__typename"": ""SearchProductV5LabelGroupsStyle""}], ""__typename"": ""SearchProductV5LabelGroups""}, {""position"": ""promotion_label"", ""title"": ""Harga Diskon"", ""type"": """", ""url"": ""https://p16-images-comn-sg.tokopedia-static.net/tos-alisg-i-zr7vqa5nfb-sg/img/promo/icon/discount-ic-2.png~tplv-zr7vqa5nfb-image.image"", ""styles"": [{""key"": ""background-color"", ""value"": ""#FEECEF"", ""__typename"": ""SearchProductV5LabelGroupsStyle""}, {""key"": ""outline-color"", ""value"": ""#FFC1C5"", ""__typename"": ""SearchProductV5LabelGroupsStyle""}, {""key"": ""text-color"", ""value"": ""#D70C4B"", ""__typename"": ""SearchProductV5LabelGroupsStyle""}], ""__typename"": ""SearchProductV5LabelGroups""}, {""position"": ""final_price"", ""title"": ""Rp54.499"", ""type"": """", ""url"": """", ""styles"": [{""key"": ""text-color"", ""value"": ""#D70C4B"", ""__typename"": ""SearchProductV5LabelGroupsStyle""}], ""__typename"": ""SearchProductV5LabelGroups""}, {""position"": ""ri_product_offer_v2"", ""title"": ""Hemat s.d  1% Pakai Bonus"", ""type"": """", ""url"": """", ""styles"": [{""key"": ""outline-color"", ""value"": ""#FFD9A8"", ""__typename"": ""SearchProductV5LabelGroupsStyle""}, {""key"": ""text-color"", ""value"": ""#FF7F17"", ""__typename"": ""SearchProductV5LabelGroupsStyle""}], ""__typename"": ""SearchProductV5LabelGroups""}, {""position"": ""ri_product_offer_v2"", ""title"": ""Bisa COD"", ""type"": """", ""url"": """", ""styles"": [{""key"": ""outline-color"", ""value"": ""#DFE2EA"", ""__typename"": ""SearchProductV5LabelGroupsStyle""}, {""key"": ""text-color"", ""value"": ""#656C7B"", ""__typename"": ""SearchProductV5LabelGroupsStyle""}], ""__typename"": ""SearchProductV5LabelGroups""}]",2rb+ terjual | Rp54.499 | Campaign | Hemat s.d  1% Pakai Bonus | Harga Diskon | Rp54.499 | Hemat s.d  1% Pakai Bonus | Bisa COD,378,219,200,refreshed,output\bodyCare_enriched_images\102705322917.jpg
102271784780,[ISI 2] Purbasari Paket Body Care Hemat Cerah Lulur Pengantin 500gr | Body Serum 180ml Scrub Pencerah Tubuh,https://www.tokopedia.com/bagong-grosir-solo/isi-2-purbasari-paket-body-care-hemat-cerah-lulur-pengantin-500gr-body-serum-180ml-scrub-pencerah-tubuh-1732542733762201065?extParam=ivf%3Dfalse%26keyword%3Dbody+care%26search_id%3D20260212104412577BCC914F9E55036POQ%26src%3Dsearch,perawatan-tubuh/perawatan-kulit/body-scrub,49999,Rp54.500,0,https://p19-images-sign-sg.tokopedia-static.net/tos-alisg-i-aphluv4xwc-sg/bee8645caf184cd187de5042271f9c4a~tplv-aphluv4xwc-white-pad-v1:200:200.jpeg?lk3s=97278606&x-expires=1770896653&x-signature=iHtJQQ3Misyj0B1Z6klea9zB8%2Fc%3D&x-signature-webp=pQaf9Az0QPKxWLT7aqOi1jW9F2s%3D,https://p19-images-sign-sg.tokopedia-static.net/tos-alisg-i-aphluv4xwc-sg/bee8645caf184cd187de5042271f9c4a~tplv-aphluv4xwc-white-pad-v1:200:200.jpeg?lk3s=97278606&x-expires=1770896653&x-signature=iHtJQQ3Misyj0B1Z6klea9zB8%2Fc%3D&x-signature-webp=pQaf9Az0QPKxWLT7aqOi1jW9F2s%3D,4.9,7496310195292965353,BAGONG GROSIR SOLO,https://www.tokopedia.com/bagong-grosir-solo,Kab. Sragen,3,4000,False,"[{""position"": ""ri_product_credibility"", ""title"": ""4rb+ terjual"", ""type"": """", ""url"": """", ""styles"": [], ""__typename"": ""SearchProductV5LabelGroups""}, {""position"": ""ri_product_offer"", ""title"": ""Bisa COD"", ""type"": """", ""url"": """", ""styles"": [{""key"": ""text-color"", ""value"": ""#FF7F17"", ""__typename"": ""SearchProductV5LabelGroupsStyle""}], ""__typename"": ""SearchProductV5LabelGroups""}, {""position"": ""final_price"", ""title"": ""Rp49.999"", ""type"": """", ""url"": """", ""styles"": [{""key"": ""text-color"", ""value"": ""#D70C4B"", ""__typename"": ""SearchProductV5LabelGroupsStyle""}], ""__typename"": ""SearchProductV5LabelGroups""}, {""position"": ""ri_product_offer_v2"", ""title"": ""Bisa COD"", ""type"": """", ""url"": """", ""styles"": [{""key"": ""outline-color"", ""value"": ""#DFE2EA"", ""__typename"": ""SearchProductV5LabelGroupsStyle""}, {""key"": ""text-color"", ""value"": ""#656C7B"", ""__typename"": ""SearchProductV5LabelGroupsStyle""}], ""__typename"": ""SearchProductV5LabelGroups""}]",4rb+ terjual | Bisa COD | Rp49.999 | Bisa COD,500,207,200,refreshed,output\bodyCare_enriched_images\102271784780.jpg
102836886474,Lavojoy Let It Glow Daily Shine Body Serum Instant Tone Up Delicate Rose with SPF 50PA++++ | Body Serum untuk Perlindungan Sinar UV | Mencerahkan Seketika & Melembapkan Kulit dengan 3% Niacinamide + Australian Super VC + Ceramide,https://www.tokopedia.com/youbaemejoy-beauty/lavojoy-let-it-glow-daily-shine-body-serum-instant-tone-up-delicate-rose-with-spf-50pa-body-serum-untuk-perlindungan-sinar-uv-mencerahkan-seketika-melembapkan-kulit-dengan-3-niacinamide-australian-super-vc-ceramide-1733167057301112530?extParam=ivf%3Dfalse%26keyword%3Dbody+care%26search_id%3D20260212104412577BCC914F9E55036POQ%26src%3Dsearch%26whid%3D21008169,perawatan-tubuh/perawatan-kulit/body-lotion,67300,Rp98.600,0,https://p16-images-common-sign-sg.tokopedia-static.net/tos-maliva-i-o3syd03w52-us/2f9417effc82478b90072acc186521e7~tplv-o3syd03w52-resize-jpeg:200:200.jpeg?lk3s=97278606&x-expires=1770896653&x-signature=lFuvnmWT%2BvR7%2BqBCcwPC%2Fpnw3x0%3D&x-signature-webp=ieBYxJCO%2FDz3hQgThsIBp2zdJfc%3D,https://p16-images-common-sign-sg.tokopedia-static.net/tos-maliva-i-o3syd03w52-us/2f9417effc82478b90072acc186521e7~tplv-o3syd03w52-resize-jpeg:200:200.jpeg?lk3s=97278606&x-expires=1770896653&x-signature=lFuvnmWT%2BvR7%2BqBCcwPC%2Fpnw3x0%3D&x-signature-webp=ieBYxJCO%2FDz3hQgThsIBp2zdJfc%3D,4.8,7494696537418926802,YouBaeMejoy Beauty,https://www.tokopedia.com/youbaemejoy-beauty,Jakarta Utara,3,10000,False,"[{""position"": ""ri_product_credibility"", ""title"": ""10rb+ terjual"", ""type"": """", ""url"": """", ""styles"": [], ""__typename"": ""SearchProductV5LabelGroups""}, {""position"": ""ri_product_offer"", ""title"": ""Hemat s.d  1% Pakai Bonus"", ""type"": """", ""url"": """", ""styles"": [{""key"": ""text-color"", ""value"": ""#FF7F17"", ""__typename"": ""SearchProductV5LabelGroupsStyle""}], ""__typename"": ""SearchProductV5LabelGroups""}, {""position"": ""ri_ribbon"", ""title"": ""32%"", ""type"": """", ""url"": """", ""styles"": [{""key"": ""background-color"", ""value"": ""#E02954"", ""__typename"": ""SearchProductV5LabelGroupsStyle""}, {""key"": ""text-color"", ""value"": ""#FFFFFF"", ""__typename"": ""SearchProductV5LabelGroupsStyle""}], ""__typename"": ""SearchProductV5LabelGroups""}, {""position"": ""final_price"", ""title"": ""Rp67.300"", ""type"": """", ""url"": """", ""styles"": [{""key"": ""text-color"", ""value"": ""#D70C4B"", ""__typename"": ""SearchProductV5LabelGroupsStyle""}], ""__typename"": ""SearchProductV5LabelGroups""}, {""position"": ""ri_product_offer_v2"", ""title"": ""Hemat s.d  1% Pakai Bonus"", ""type"": """", ""url"": """", ""styles"": [{""key"": ""outline-color"", ""value"": ""#FFD9A8"", ""__typename"": ""SearchProductV5LabelGroupsStyle""}, {""key"": ""text-color"", ""value"": ""#FF7F17"", ""__typename"": ""SearchProductV5LabelGroupsStyle""}], ""__typename"": ""SearchProductV5LabelGroups""}, {""position"": ""ri_product_offer_v2"", ""title"": ""Bisa COD"", ""type"": """", ""url"": """", ""styles"": [{""key"": ""outline-color"", ""value"": ""#DFE2EA"", ""__typename"": ""SearchProductV5LabelGroupsStyle""}, {""key"": ""text-color"", ""value"": ""#656C7B"", ""__typename"": ""SearchProductV5LabelGroupsStyle""}], ""__typename"": ""SearchProductV5LabelGroups""}]",10rb+ terjual | Hemat s.d  1% Pakai Bonus | 32% | Rp67.300 | Hemat s.d  1% Pakai Bonus | Bisa COD,1340,645,200,refreshed,output\bodyCare_enriched_images\102836886474.jpg
100293617704,[BUNDLING] SKINFLAIR GLUTAWHITE MILKY LOTION DAN SKINFLAIR GLUTATHIONE BODY SCRUB TONEUP BOOSTER 250gr PAKET PENCERAH,https://www.tokopedia.com/laderaa-beauty/bundling-skinflair-glutawhite-milky-lotion-dan-skinflair-glutathione-body-scrub-toneup-booster-250gr-paket-pencerah-1731360527861188441?extParam=ivf%3Dfalse%26keyword%3Dbody+care%26search_id%3D20260212104412577BCC914F9E55036POQ%26src%3Dsearch,perawatan-tubuh/perawatan-kulit/body-lotion,67000,Rp120.000,0,https://p16-images-sign-sg.tokopedia-static.net/tos-alisg-i-aphluv4xwc-sg/216800ed745e4727a7462fd1fb8f847d~tplv-aphluv4xwc-white-pad-v1:200:200.jpeg?lk3s=97278606&x-expires=1770896653&x-signature=uFsVoGRp1CB2ecCpeEC58J0qoF8%3D&x-signature-webp=9DmcmB8rfnKpwI03i73r2n%2B314g%3D,https://p16-images-sign-sg.tokopedia-static.net/tos-alisg-i-aphluv4xwc-sg/216800ed745e4727a7462fd1fb8f847d~tplv-aphluv4xwc-white-pad-v1:200:200.jpeg?lk3s=97278606&x-expires=1770896653&x-signature=uFsVoGRp1CB2ecCpeEC58J0qoF8%3D&x-signature-webp=9DmcmB8rfnKpwI03i73r2n%2B314g%3D,4.8,7494083411322636121,Laderaa beauty,https://www.tokopedia.com/laderaa-beauty,Kab. Wonosobo,3,10000,False,"[{""position"": ""ri_product_credibility"", ""title"": ""10rb+ terjual"", ""type"": """", ""url"": """", ""styles"": [], ""__typename"": ""SearchProductV5LabelGroups""}, {""position"": ""ri_product_offer"", ""title"": ""Bisa COD"", ""type"": """", ""url"": """", ""styles"": [{""key"": ""text-color"", ""value"": ""#FF7F17"", ""__typename"": ""SearchProductV5LabelGroupsStyle""}], ""__typename"": ""SearchProductV5LabelGroups""}, {""position"": ""ri_ribbon"", ""title"": ""44%"", ""type"": """", ""url"": """", ""styles"": [{""key"": ""background-color"", ""value"": ""#E02954"", ""__typename"": ""SearchProductV5LabelGroupsStyle""}, {""key"": ""text-color"", ""value"": ""#FFFFFF"", ""__typename"": ""SearchProductV5LabelGroupsStyle""}], ""__typename"": ""SearchProductV5LabelGroups""}, {""position"": ""final_price"", ""title"": ""Rp67.000"", ""type"": """", ""url"": """", ""styles"": [{""key"": ""text-color"", ""value"": ""#D70C4B"", ""__typename"": ""SearchProductV5LabelGroupsStyle""}], ""__typename"": ""SearchProductV5LabelGroups""}, {""position"": ""ri_product_offer_v2"", ""title"": ""Bisa COD"", ""type"": """", ""url"": """", ""styles"": [{""key"": ""outline-color"", ""value"": ""#DFE2EA"", ""__typename"": ""SearchProductV5LabelGroupsStyle""}, {""key"": ""text-color"", ""value"": ""#656C7B"", ""__typename"": ""SearchProductV5LabelGroupsStyle""}], ""__typename"": ""SearchProductV5LabelGroups""}]",10rb+ terjual | Bisa COD | 44% | Rp67.000 | Bisa COD,1663,443,200,refreshed,output\bodyCare_enriched_images\100293617704.jpg
100176415379,Skinvu Whitening Booster Lotion - Serum Infused,https://www.tokopedia.com/skinvu/skinvu-whitening-booster-lotion-serum-infused-1729857485852084849?extParam=ivf%3Dfalse%26keyword%3Dbody+care%26search_id%3D20260212104412577BCC914F9E55036POQ%26src%3Dsearch,perawatan-tubuh/perawatan-kulit/body-lotion,92740,Rp165.000,0,https://p16-images-sign-sg.tokopedia-static.net/tos-alisg-i-aphluv4xwc-sg/4fbdecb864df4df2abee152f08b902e7~tplv-aphluv4xwc-white-pad-v1:200:200.jpeg?lk3s=97278606&x-expires=1770896653&x-signature=X8oojG%2F%2FNLEztCz6Bipkny1Dj5c%3D&x-signature-webp=MCgZyAA7IM0k%2FSRdHIzW1zKOkaY%3D,https://p16-images-sign-sg.tokopedia-static.net/tos-alisg-i-aphluv4xwc-sg/4fbdecb864df4df2abee152f08b902e7~tplv-aphluv4xwc-white-pad-v1:200:200.jpeg?lk3s=97278606&x-expires=1770896653&x-signature=X8oojG%2F%2FNLEztCz6Bipkny1Dj5c%3D&x-signature-webp=MCgZyAA7IM0k%2FSRdHIzW1zKOkaY%3D,4.9,7495400105226373745,skinvu,https://www.tokopedia.com/skinvu,Semarang,3,100000,False,"[{""position"": ""ri_product_credibility"", ""title"": ""100rb+ terjual"", ""type"": """", ""url"": """", ""styles"": [], ""__typename"": ""SearchProductV5LabelGroups""}, {""position"": ""ri_product_offer"", ""title"": ""Hemat s.d  1% Pakai Bonus"", ""type"": """", ""url"": """", ""styles"": [{""key"": ""text-color"", ""value"": ""#FF7F17"", ""__typename"": ""SearchProductV5LabelGroupsStyle""}], ""__typename"": ""SearchProductV5LabelGroups""}, {""position"": ""ri_ribbon"", ""title"": ""44%"", ""type"": """", ""url"": """", ""styles"": [{""key"": ""background-color"", ""value"": ""#E02954"", ""__typename"": ""SearchProductV5LabelGroupsStyle""}, {""key"": ""text-color"", ""value"": ""#FFFFFF"", ""__typename"": ""SearchProductV5LabelGroupsStyle""}], ""__typename"": ""SearchProductV5LabelGroups""}, {""position"": ""final_price"", ""title"": ""Rp92.740"", ""type"": """", ""url"": """", ""styles"": [{""key"": ""text-color"", ""value"": ""#D70C4B"", ""__typename"": ""SearchProductV5LabelGroupsStyle""}], ""__typename"": ""SearchProductV5LabelGroups""}, {""position"": ""ri_product_offer_v2"", ""title"": ""Hemat s.d  1% Pakai Bonus"", ""type"": """", ""url"": """", ""styles"": [{""key"": ""outline-color"", ""value"": ""#FFD9A8"", ""__typename"": ""SearchProductV5LabelGroupsStyle""}, {""key"": ""text-color"", ""value"": ""#FF7F17"", ""__typename"": ""SearchProductV5LabelGroupsStyle""}], ""__typename"": ""SearchProductV5LabelGroups""}, {""position"": ""ri_product_offer_v2"", ""title"": ""Bisa COD"", ""type"": """", ""url"": """", ""styles"": [{""key"": ""outline-color"", ""value"": ""#DFE2EA"", ""__typename"": ""SearchProductV5LabelGroupsStyle""}, {""key"": ""text-color"", ""value"": ""#656C7B"", ""__typename"": ""SearchProductV5LabelGroupsStyle""}], ""__typename"": ""SearchProductV5LabelGroups""}]",100rb+ terjual | Hemat s.d  1% Pakai Bonus | 44% | Rp92.740 | Hemat s.d  1% Pakai Bonus | Bisa COD,13624,5268,200,refreshed,output\bodyCare_enriched_images\100176415379.jpg
102676909961,[ISI 4] Paket Cerah Purbasari Lulur Mandi Pengantin 500gr | Body Serum 180ml | Lulur Mandi Scrub 100gr | Hand & Body Lotion Habbatussauda 200ml Tubuh Pencerah,https://www.tokopedia.com/nt199/isi-4-paket-cerah-purbasari-lulur-mandi-pengantin-500gr-body-serum-180ml-lulur-mandi-scrub-100gr-hand-body-lotion-habbatussauda-200ml-tubuh-pencerah-1733538672933635340?extParam=ivf%3Dfalse%26keyword%3Dbody+care%26search_id%3D20260212104412577BCC914F9E55036POQ%26src%3Dsearch,kecantikan/perawatan-wajah/paket-perawatan-wajah,82000,Rp123.300,0,https://p16-images-sign-sg.tokopedia-static.net/tos-alisg-i-aphluv4xwc-sg/65f244eed97947ea8ca008c5e39e41cf~tplv-aphluv4xwc-white-pad-v1:200:200.jpeg?lk3s=97278606&x-expires=1770896653&x-signature=fhW6e%2F0dO1D0onZ%2B43DsKYydnj4%3D&x-signature-webp=z4HIaBY6n2iAOPTlzfQkfqRuIsk%3D,https://p16-images-sign-sg.tokopedia-static.net/tos-alisg-i-aphluv4xwc-sg/65f244eed97947ea8ca008c5e39e41cf~tplv-aphluv4xwc-white-pad-v1:200:200.jpeg?lk3s=97278606&x-expires=1770896653&x-signature=fhW6e%2F0dO1D0onZ%2B43DsKYydnj4%3D&x-signature-webp=z4HIaBY6n2iAOPTlzfQkfqRuIsk%3D,5.0,9974755,NT199,https://www.tokopedia.com/nt199,Bogor,3,500,False,"[{""position"": ""ri_product_credibility"", ""title"": ""500+ terjual"", ""type"": """", ""url"": """", ""styles"": [], ""__typename"": ""SearchProductV5LabelGroups""}, {""position"": ""ri_product_offer"", ""title"": ""Hemat s.d  1% Pakai Bonus"", ""type"": """", ""url"": """", ""styles"": [{""key"": ""text-color"", ""value"": ""#FF7F17"", ""__typename"": ""SearchProductV5LabelGroupsStyle""}], ""__typename"": ""SearchProductV5LabelGroups""}, {""position"": ""ri_ribbon"", ""title"": ""33%"", ""type"": """", ""url"": """", ""styles"": [{""key"": ""background-color"", ""value"": ""#E02954"", ""__typename"": ""SearchProductV5LabelGroupsStyle""}, {""key"": ""text-color"", ""value"": ""#FFFFFF"", ""__typename"": ""SearchProductV5LabelGroupsStyle""}], ""__typename"": ""SearchProductV5LabelGroups""}, {""position"": ""final_price"", ""title"": ""Rp82.000"", ""type"": """", ""url"": """", ""styles"": [{""key"": ""text-color"", ""value"": ""#D70C4B"", ""__typename"": ""SearchProductV5LabelGroupsStyle""}], ""__typename"": ""SearchProductV5LabelGroups""}, {""position"": ""ri_product_offer_v2"", ""title"": ""Hemat s.d  1% Pakai Bonus"", ""type"": """", ""url"": """", ""styles"": [{""key"": ""outline-color"", ""value"": ""#FFD9A8"", ""__typename"": ""SearchProductV5LabelGroupsStyle""}, {""key"": ""text-color"", ""value"": ""#FF7F17"", ""__typename"": ""SearchProductV5LabelGroupsStyle""}], ""__typename"": ""SearchProductV5LabelGroups""}, {""position"": ""ri_product_offer_v2"", ""title"": ""Bisa COD"", ""type"": """", ""url"": """", ""styles"": [{""key"": ""outline-color"", ""value"": ""#DFE2EA"", ""__typename"": ""SearchProductV5LabelGroupsStyle""}, {""key"": ""text-color"", ""value"": ""#656C7B"", ""__typename"": ""SearchProductV5LabelGroupsStyle""}], ""__typename"": ""SearchProductV5LabelGroups""}]",500+ terjual | Hemat s.d  1% Pakai Bonus | 33% | Rp82.000 | Hemat s.d  1% Pakai Bonus | Bisa COD,76,58,200,refreshed,output\bodyCare_enriched_images\102676909961.jpg
100582028090,[PAKET SUPER BRIGHTENING SKIN] Purbasari Body Serum Gluta Hya 180ML + Lulur Mandi Pengantin 500GR,https://www.tokopedia.com/purbasari/paket-super-brightening-skin-purbasari-body-serum-gluta-hya-180ml-lulur-mandi-pengantin-500gr-1731634385330865728?extParam=ivf%3Dfalse%26keyword%3Dbody+care%26search_id%3D20260212104412577BCC914F9E55036POQ%26src%3Dsearch,perawatan-tubuh/perawatan-kulit/body-scrub,57300,Rp140.000,0,https://p16-images-sign-sg.tokopedia-static.net/tos-alisg-i-aphluv4xwc-sg/4a8af9dee65a45fa95d06beded96a80a~tplv-aphluv4xwc-white-pad-v1:200:200.jpeg?lk3s=97278606&x-expires=1770896653&x-signature=G2QHmHHtaTKODxnpOebSj8Q%2FzHY%3D&x-signature-webp=QWdUANgCJZ1O6BF0kCI14odMPUY%3D,https://p16-images-sign-sg.tokopedia-static.net/tos-alisg-i-aphluv4xwc-sg/4a8af9dee65a45fa95d06beded96a80a~tplv-aphluv4xwc-white-pad-v1:200:200.jpeg?lk3s=97278606&x-expires=1770896653&x-signature=G2QHmHHtaTKODxnpOebSj8Q%2FzHY%3D&x-signature-webp=QWdUANgCJZ1O6BF0kCI14odMPUY%3D,4.8,276092,Purbasari Indonesia,https://www.tokopedia.com/purbasari,Jakarta Selatan,2,8000,False,"[{""position"": ""ri_product_credibility"", ""title"": ""8rb+ terjual"", ""type"": """", ""url"": """", ""styles"": [], ""__typename"": ""SearchProductV5LabelGroups""}, {""position"": ""preventive_overlay"", ""title"": ""PreOrder"", ""type"": """", ""url"": """", ""styles"": [{""key"": ""background-color"", ""value"": ""#000000"", ""__typename"": ""SearchProductV5LabelGroupsStyle""}, {""key"": ""background-opacity"", ""value"": ""0.5"", ""__typename"": ""SearchProductV5LabelGroupsStyle""}, {""key"": ""text-color"", ""value"": ""#FFFFFF"", ""__typename"": ""SearchProductV5LabelGroupsStyle""}], ""__typename"": ""SearchProductV5LabelGroups""}, {""position"": ""ri_product_offer"", ""title"": ""Bisa COD"", ""type"": """", ""url"": """", ""styles"": [{""key"": ""text-color"", ""value"": ""#FF7F17"", ""__typename"": ""SearchProductV5LabelGroupsStyle""}], ""__typename"": ""SearchProductV5LabelGroups""}, {""position"": ""ri_ribbon"", ""title"": ""59%"", ""type"": """", ""url"": """", ""styles"": [{""key"": ""background-color"", ""value"": ""#E02954"", ""__typename"": ""SearchProductV5LabelGroupsStyle""}, {""key"": ""text-color"", ""value"": ""#FFFFFF"", ""__typename"": ""SearchProductV5LabelGroupsStyle""}], ""__typename"": ""SearchProductV5LabelGroups""}, {""position"": ""final_price"", ""title"": ""Rp57.300"", ""type"": """", ""url"": """", ""styles"": [{""key"": ""text-color"", ""value"": ""#D70C4B"", ""__typename"": ""SearchProductV5LabelGroupsStyle""}], ""__typename"": ""SearchProductV5LabelGroups""}, {""position"": ""ri_product_offer_v2"", ""title"": ""Bisa COD"", ""type"": """", ""url"": """", ""styles"": [{""key"": ""outline-color"", ""value"": ""#DFE2EA"", ""__typename"": ""SearchProductV5LabelGroupsStyle""}, {""key"": ""text-color"", ""value"": ""#656C7B"", ""__typename"": ""SearchProductV5LabelGroupsStyle""}], ""__typename"": ""SearchProductV5LabelGroups""}]",8rb+ terjual | PreOrder | Bisa COD | 59% | Rp57.300 | Bisa COD,1078,369,200,refreshed,output\bodyCare_enriched_images\100582028090.jpg
102693526133,(BUNDLING) Skinflair Glutawhite Milky Lotion dan Scrub Glutathione Gluta White Pemutih Badan Handbody Glutathione Melembutkan  Mencerahkan Tangan,https://www.tokopedia.com/skinflair-store-indo/bundling-skinflair-glutawhite-milky-lotion-dan-scrub-glutathione-gluta-white-pemutih-badan-handbody-glutathione-melembutkan-mencerahkan-tangan-1733609163127818145?extParam=ivf%3Dfalse%26keyword%3Dbody+care%26search_id%3D20260212104412577BCC914F9E55036POQ%26src%3Dsearch,perawatan-tubuh/perawatan-kulit/body-lotion,88800,,0,https://p16-images-sign-sg.tokopedia-static.net/tos-alisg-i-aphluv4xwc-sg/232edce188ba435e9b9fdb0a8c516817~tplv-aphluv4xwc-white-pad-v1:200:200.jpeg?lk3s=97278606&x-expires=1770896653&x-signature=IfVXuN7ZdBcwcYZlTyuT3Smh9KE%3D&x-signature-webp=XZT5v63iCHQIC%2BVarZpeeklwj5E%3D,https://p16-images-sign-sg.tokopedia-static.net/tos-alisg-i-aphluv4xwc-sg/232edce188ba435e9b9fdb0a8c516817~tplv-aphluv4xwc-white-pad-v1:200:200.jpeg?lk3s=97278606&x-expires=1770896653&x-signature=IfVXuN7ZdBcwcYZlTyuT3Smh9KE%3D&x-signature-webp=XZT5v63iCHQIC%2BVarZpeeklwj5E%3D,5.0,7494175236890396577,SKINFLAIR STORE INDO,https://www.tokopedia.com/skinflair-store-indo,Kab. Gresik,2,1000,False,"[{""position"": ""ri_product_credibility"", ""title"": ""1rb+ terjual"", ""type"": """", ""url"": """", ""styles"": [], ""__typename"": ""SearchProductV5LabelGroups""}, {""position"": ""ri_product_offer"", ""title"": ""Bisa COD"", ""type"": """", ""url"": """", ""styles"": [{""key"": ""text-color"", ""value"": ""#FF7F17"", ""__typename"": ""SearchProductV5LabelGroupsStyle""}], ""__typename"": ""SearchProductV5LabelGroups""}, {""position"": ""final_price"", ""title"": ""Rp88.800"", ""type"": """", ""url"": """", ""styles"": [{""key"": ""text-color"", ""value"": ""#080808"", ""__typename"": ""SearchProductV5LabelGroupsStyle""}], ""__typename"": ""SearchProductV5LabelGroups""}, {""position"": ""ri_product_offer_v2"", ""title"": ""Bisa COD"", ""type"": """", ""url"": """", ""styles"": [{""key"": ""outline-color"", ""value"": ""#DFE2EA"", ""__typename"": ""SearchProductV5LabelGroupsStyle""}, {""key"": ""text-color"", ""value"": ""#656C7B"", ""__typename"": ""SearchProductV5LabelGroupsStyle""}], ""__typename"": ""SearchProductV5LabelGroups""}]",1rb+ terjual | Bisa COD | Rp88.800 | Bisa COD,62,51,200,refreshed,output\bodyCare_enriched_images\102693526133.jpg
102516825261,SKINFLAIR GLUTAWHITE MILKY LOTION 150ml | SKINFLAIR GLUTATHIONE BODY SCRUB 250gram  - Mencerahkan Tubuh Memutihkan,https://www.tokopedia.com/beautiesglow/skinflair-glutawhite-milky-lotion-150ml-skinflair-glutathione-body-scrub-250gram-mencerahkan-tubuh-memutihkan-1733080573931980144?extParam=ivf%3Dfalse%26keyword%3Dbody+care%26search_id%3D20260212104412577BCC914F9E55036POQ%26src%3Dsearch,perawatan-tubuh/perawatan-kulit/body-lotion,72000,Rp85.000,0,https://p16-images-sign-sg.tokopedia-static.net/tos-alisg-i-aphluv4xwc-sg/d5d2e32acb1d41ca9d9d98cb043a6c86~tplv-aphluv4xwc-white-pad-v1:200:200.jpeg?lk3s=97278606&x-expires=1770896653&x-signature=sn%2BF88ZO1Dybtl7a%2FGyX1pkUyg0%3D&x-signature-webp=mIRgucupHEddNdU3E%2BRE%2BTG8VO8%3D,https://p16-images-sign-sg.tokopedia-static.net/tos-alisg-i-aphluv4xwc-sg/d5d2e32acb1d41ca9d9d98cb043a6c86~tplv-aphluv4xwc-white-pad-v1:200:200.jpeg?lk3s=97278606&x-expires=1770896653&x-signature=sn%2BF88ZO1Dybtl7a%2FGyX1pkUyg0%3D&x-signature-webp=mIRgucupHEddNdU3E%2BRE%2BTG8VO8%3D,4.8,7494822918901434736,Beauties.Glow,https://www.tokopedia.com/beautiesglow,Kab. Gresik,3,7000,False,"[{""position"": ""ri_product_credibility"", ""title"": ""7rb+ terjual"", ""type"": """", ""url"": """", ""styles"": [], ""__typename"": ""SearchProductV5LabelGroups""}, {""position"": ""ri_product_offer"", ""title"": ""Hemat s.d  1% Pakai Bonus"", ""type"": """", ""url"": """", ""styles"": [{""key"": ""text-color"", ""value"": ""#FF7F17"", ""__typename"": ""SearchProductV5LabelGroupsStyle""}], ""__typename"": ""SearchProductV5LabelGroups""}, {""position"": ""ri_ribbon"", ""title"": ""15%"", ""type"": """", ""url"": """", ""styles"": [{""key"": ""background-color"", ""value"": ""#E02954"", ""__typename"": ""SearchProductV5LabelGroupsStyle""}, {""key"": ""text-color"", ""value"": ""#FFFFFF"", ""__typename"": ""SearchProductV5LabelGroupsStyle""}], ""__typename"": ""SearchProductV5LabelGroups""}, {""position"": ""final_price"", ""title"": ""Rp72.000"", ""type"": """", ""url"": """", ""styles"": [{""key"": ""text-color"", ""value"": ""#D70C4B"", ""__typename"": ""SearchProductV5LabelGroupsStyle""}], ""__typename"": ""SearchProductV5LabelGroups""}, {""position"": ""ri_product_offer_v2"", ""title"": ""Hemat s.d  1% Pakai Bonus"", ""type"": """", ""url"": """", ""styles"": [{""key"": ""outline-color"", ""value"": ""#FFD9A8"", ""__typename"": ""SearchProductV5LabelGroupsStyle""}, {""key"": ""text-color"", ""value"": ""#FF7F17"", ""__typename"": ""SearchProductV5LabelGroupsStyle""}], ""__typename"": ""SearchProductV5LabelGroups""}, {""position"": ""ri_product_offer_v2"", ""title"": ""Bisa COD"", ""type"": """", ""url"": """", ""styles"": [{""key"": ""outline-color"", ""value"": ""#DFE2EA"", ""__typename"": ""SearchProductV5LabelGroupsStyle""}, {""key"": ""text-color"", ""value"": ""#656C7B"", ""__typename"": ""SearchProductV5LabelGroupsStyle""}], ""__typename"": ""SearchProductV5LabelGroups""}]",7rb+ terjual | Hemat s.d  1% Pakai Bonus | 15% | Rp72.000 | Hemat s.d  1% Pakai Bonus | Bisa COD,816,241,200,,
100029464411,"[Lacera Whitening Bundling VIRAL] Bundling Lotion + serum + booster + soap bantu Mencerahkan , Melembutkan dan Merawat Tubuh",https://www.tokopedia.com/laceraid/lacera-whitening-bundling-viral-bundling-lotion-serum-booster-soap-bantu-mencerahkan-melembutkan-dan-merawat-tubuh-1730768342717727923?extParam=ivf%3Dfalse%26keyword%3Dbody+care%26search_id%3D20260212104412577BCC914F9E55036POQ%26src%3Dsearch,perawatan-tubuh/perawatan-kulit/body-lotion,38999,Rp120.000,0,https://p19-images-sign-sg.tokopedia-static.net/tos-alisg-i-aphluv4xwc-sg/fe788a55c57848df8fd62408df40d9ba~tplv-aphluv4xwc-white-pad-v1:200:200.jpeg?lk3s=97278606&x-expires=1770896653&x-signature=ru3%2B4YJyydNGZuo%2FPPODHCZmmhc%3D&x-signature-webp=3cy%2F%2FCyzkCAQkvQsGa4rPHx55Os%3D,https://p19-images-sign-sg.tokopedia-static.net/tos-alisg-i-aphluv4xwc-sg/fe788a55c57848df8fd62408df40d9ba~tplv-aphluv4xwc-white-pad-v1:200:200.jpeg?lk3s=97278606&x-expires=1770896653&x-signature=ru3%2B4YJyydNGZuo%2FPPODHCZmmhc%3D&x-signature-webp=3cy%2F%2FCyzkCAQkvQsGa4rPHx55Os%3D,4.7,7495831939309996211,Lacera.id,https://www.tokopedia.com/laceraid,Kab. Tangerang,2,10000,False,"[{""position"": ""ri_product_credibility"", ""title"": ""10rb+ terjual"", ""type"": """", ""url"": """", ""styles"": [], ""__typename"": ""SearchProductV5LabelGroups""}, {""position"": ""ri_product_offer"", ""title"": ""Hemat s.d  1% Pakai Bonus"", ""type"": """", ""url"": """", ""styles"": [{""key"": ""text-color"", ""value"": ""#FF7F17"", ""__typename"": ""SearchProductV5LabelGroupsStyle""}], ""__typename"": ""SearchProductV5LabelGroups""}, {""position"": ""ri_ribbon"", ""title"": ""68%"", ""type"": """", ""url"": """", ""styles"": [{""key"": ""background-color"", ""value"": ""#E02954"", ""__typename"": ""SearchProductV5LabelGroupsStyle""}, {""key"": ""text-color"", ""value"": ""#FFFFFF"", ""__typename"": ""SearchProductV5LabelGroupsStyle""}], ""__typename"": ""SearchProductV5LabelGroups""}, {""position"": ""final_price"", ""title"": ""Rp38.999"", ""type"": """", ""url"": """", ""styles"": [{""key"": ""text-color"", ""value"": ""#D70C4B"", ""__typename"": ""SearchProductV5LabelGroupsStyle""}], ""__typename"": ""SearchProductV5LabelGroups""}, {""position"": ""ri_product_offer_v2"", ""title"": ""Hemat s.d  1% Pakai Bonus"", ""type"": """", ""url"": """", ""styles"": [{""key"": ""outline-color"", ""value"": ""#FFD9A8"", ""__typename"": ""SearchProductV5LabelGroupsStyle""}, {""key"": ""text-color"", ""value"": ""#FF7F17"", ""__typename"": ""SearchProductV5LabelGroupsStyle""}], ""__typename"": ""SearchProductV5LabelGroups""}, {""position"": ""ri_product_offer_v2"", ""title"": ""Bisa COD"", ""type"": """", ""url"": """", ""styles"": [{""key"": ""outline-color"", ""value"": ""#DFE2EA"", ""__typename"": ""SearchProductV5LabelGroupsStyle""}, {""key"": ""text-color"", ""value"": ""#656C7B"", ""__typename"": ""SearchProductV5LabelGroupsStyle""}], ""__typename"": ""SearchProductV5LabelGroups""}]",10rb+ terjual | Hemat s.d  1% Pakai Bonus | 68% | Rp38.999 | Hemat s.d  1% Pakai Bonus | Bisa COD,2505,893,200,refreshed,output\bodyCare_enriched_images\100029464411.jpg
102247027421,ISI 3 PAKET PENCERAH BADAN VIRAL ISI BODY SERUM PURBASARI 180ml GLUTA HYA + LULUR PENGANTIN PURBASARI 500gr + HAND BODY HANBATUSSAUDA,https://www.tokopedia.com/ultraglowing/isi-3-paket-pencerah-badan-viral-isi-body-serum-purbasari-180ml-gluta-hya-lulur-pengantin-purbasari-500gr-hand-body-hanbatussauda-1732498849819755621?extParam=ivf%3Dfalse%26keyword%3Dbody+care%26search_id%3D20260212104412577BCC914F9E55036POQ%26src%3Dsearch,perawatan-tubuh/perawatan-kulit/body-lotion,64000,,0,https://p16-images-sign-sg.tokopedia-static.net/tos-alisg-i-aphluv4xwc-sg/e40bb4e1e1fb489a87d204bf96cc53fd~tplv-aphluv4xwc-white-pad-v1:200:200.jpeg?lk3s=97278606&x-expires=1770896653&x-signature=lRpDI5qgjclNQrv83nPlEtQDDfs%3D&x-signature-webp=CnhPFs2iMBg4IgqjQDG7Ysf2Bsg%3D,https://p16-images-sign-sg.tokopedia-static.net/tos-alisg-i-aphluv4xwc-sg/e40bb4e1e1fb489a87d204bf96cc53fd~tplv-aphluv4xwc-white-pad-v1:200:200.jpeg?lk3s=97278606&x-expires=1770896653&x-signature=lRpDI5qgjclNQrv83nPlEtQDDfs%3D&x-signature-webp=CnhPFs2iMBg4IgqjQDG7Ysf2Bsg%3D,4.8,7495157248338135141,ULTRAGLOWING,https://www.tokopedia.com/ultraglowing,Kab. Boyolali,3,3000,False,"[{""position"": ""ri_product_credibility"", ""title"": ""3rb+ terjual"", ""type"": """", ""url"": """", ""styles"": [], ""__typename"": ""SearchProductV5LabelGroups""}, {""position"": ""ri_product_offer"", ""title"": ""Bisa COD"", ""type"": """", ""url"": """", ""styles"": [{""key"": ""text-color"", ""value"": ""#FF7F17"", ""__typename"": ""SearchProductV5LabelGroupsStyle""}], ""__typename"": ""SearchProductV5LabelGroups""}, {""position"": ""final_price"", ""title"": ""Rp64.000"", ""type"": """", ""url"": """", ""styles"": [{""key"": ""text-color"", ""value"": ""#080808"", ""__typename"": ""SearchProductV5LabelGroupsStyle""}], ""__typename"": ""SearchProductV5LabelGroups""}, {""position"": ""ri_product_offer_v2"", ""title"": ""Bisa COD"", ""type"": """", ""url"": """", ""styles"": [{""key"": ""outline-color"", ""value"": ""#DFE2EA"", ""__typename"": ""SearchProductV5LabelGroupsStyle""}, {""key"": ""text-color"", ""value"": ""#656C7B"", ""__typename"": ""SearchProductV5LabelGroupsStyle""}], ""__typename"": ""SearchProductV5LabelGroups""}]",3rb+ terjual | Bisa COD | Rp64.000 | Bisa COD,510,225,200,refreshed,output\bodyCare_enriched_images\102247027421.jpg
102637993264,PAKET LULUR RACIK VIRAL - PURBASARI LULUR MANDI PENGANTIN 500gr + SABUN PYARY NALPAMARA ORIGINAL,https://www.tokopedia.com/ultraglowing/paket-lulur-racik-viral-purbasari-lulur-mandi-pengantin-500gr-sabun-pyary-nalpamara-original-1733420225982596197?extParam=ivf%3Dfalse%26keyword%3Dbody+care%26search_id%3D20260212104412577BCC914F9E55036POQ%26src%3Dsearch,perawatan-tubuh/perawatan-kulit/body-scrub,61000,,0,https://p16-images-sign-sg.tokopedia-static.net/tos-alisg-i-aphluv4xwc-sg/81c83baae5094f31ad918287c9d2021f~tplv-aphluv4xwc-white-pad-v1:200:200.jpeg?lk3s=97278606&x-expires=1770896653&x-signature=7thji5Y%2FYZgwOwqa7jAIXR4c8ME%3D&x-signature-webp=dBrwZDt%2FqJ03IRLVfUbhQDEReBY%3D,https://p16-images-sign-sg.tokopedia-static.net/tos-alisg-i-aphluv4xwc-sg/81c83baae5094f31ad918287c9d2021f~tplv-aphluv4xwc-white-pad-v1:200:200.jpeg?lk3s=97278606&x-expires=1770896653&x-signature=7thji5Y%2FYZgwOwqa7jAIXR4c8ME%3D&x-signature-webp=dBrwZDt%2FqJ03IRLVfUbhQDEReBY%3D,4.8,7495157248338135141,ULTRAGLOWING,https://www.tokopedia.com/ultraglowing,Kab. Boyolali,3,3000,False,"[{""position"": ""ri_product_credibility"", ""title"": ""3rb+ terjual"", ""type"": """", ""url"": """", ""styles"": [], ""__typename"": ""SearchProductV5LabelGroups""}, {""position"": ""ri_product_offer"", ""title"": ""Bisa COD"", ""type"": """", ""url"": """", ""styles"": [{""key"": ""text-color"", ""value"": ""#FF7F17"", ""__typename"": ""SearchProductV5LabelGroupsStyle""}], ""__typename"": ""SearchProductV5LabelGroups""}, {""position"": ""final_price"", ""title"": ""Rp61.000"", ""type"": """", ""url"": """", ""styles"": [{""key"": ""text-color"", ""value"": ""#080808"", ""__typename"": ""SearchProductV5LabelGroupsStyle""}], ""__typename"": ""SearchProductV5LabelGroups""}, {""position"": ""ri_product_offer_v2"", ""title"": ""Bisa COD"", ""type"": """", ""url"": """", ""styles"": [{""key"": ""outline-color"", ""value"": ""#DFE2EA"", ""__typename"": ""SearchProductV5LabelGroupsStyle""}, {""key"": ""text-color"", ""value"": ""#656C7B"", ""__typename"": ""SearchProductV5LabelGroupsStyle""}], ""__typename"": ""SearchProductV5LabelGroups""}]",3rb+ terjual | Bisa COD | Rp61.000 | Bisa COD,446,191,200,refreshed,output\bodyCare_enriched_images\102637993264.jpg
100239982920,ITS GLOW - Paket Bodycare Body Lotion | Body Serum & Body Cream (New Formula Original),https://www.tokopedia.com/its-glow-shop/its-glow-paket-bodycare-body-lotion-body-serum-body-cream-new-formula-original-1729648524026676228?extParam=ivf%3Dfalse%26keyword%3Dbody+care%26search_id%3D20260212104412577BCC914F9E55036POQ%26src%3Dsearch,kecantikan/perawatan-wajah/cleanser-wajah,59000,Rp180.000,0,https://p16-images-common-sign-sg.tokopedia-static.net/tos-maliva-i-o3syd03w52-us/e2c11241cfd04b63ac722bb8d2318cc5~tplv-o3syd03w52-resize-jpeg:200:200.jpeg?lk3s=97278606&x-expires=1770896653&x-signature=Ylnic%2FApQt4qeHgsajNRpa4P8e8%3D&x-signature-webp=DPO2Fkw%2FfVzgWl%2BslXhEd3V5XV8%3D,https://p16-images-common-sign-sg.tokopedia-static.net/tos-maliva-i-o3syd03w52-us/e2c11241cfd04b63ac722bb8d2318cc5~tplv-o3syd03w52-resize-jpeg:200:200.jpeg?lk3s=97278606&x-expires=1770896653&x-signature=Ylnic%2FApQt4qeHgsajNRpa4P8e8%3D&x-signature-webp=DPO2Fkw%2FfVzgWl%2BslXhEd3V5XV8%3D,4.8,7495789467729692676,ITS GLOW SHOP,https://www.tokopedia.com/its-glow-shop,Surabaya,3,50000,False,"[{""position"": ""ri_product_credibility"", ""title"": ""50rb+ terjual"", ""type"": """", ""url"": """", ""styles"": [], ""__typename"": ""SearchProductV5LabelGroups""}, {""position"": ""ri_product_offer"", ""title"": ""Hemat s.d  1% Pakai Bonus"", ""type"": """", ""url"": """", ""styles"": [{""key"": ""text-color"", ""value"": ""#FF7F17"", ""__typename"": ""SearchProductV5LabelGroupsStyle""}], ""__typename"": ""SearchProductV5LabelGroups""}, {""position"": ""ri_ribbon"", ""title"": ""67%"", ""type"": """", ""url"": """", ""styles"": [{""key"": ""background-color"", ""value"": ""#E02954"", ""__typename"": ""SearchProductV5LabelGroupsStyle""}, {""key"": ""text-color"", ""value"": ""#FFFFFF"", ""__typename"": ""SearchProductV5LabelGroupsStyle""}], ""__typename"": ""SearchProductV5LabelGroups""}, {""position"": ""final_price"", ""title"": ""Rp59.000"", ""type"": """", ""url"": """", ""styles"": [{""key"": ""text-color"", ""value"": ""#D70C4B"", ""__typename"": ""SearchProductV5LabelGroupsStyle""}], ""__typename"": ""SearchProductV5LabelGroups""}, {""position"": ""ri_product_offer_v2"", ""title"": ""Hemat s.d  1% Pakai Bonus"", ""type"": """", ""url"": """", ""styles"": [{""key"": ""outline-color"", ""value"": ""#FFD9A8"", ""__typename"": ""SearchProductV5LabelGroupsStyle""}, {""key"": ""text-color"", ""value"": ""#FF7F17"", ""__typename"": ""SearchProductV5LabelGroupsStyle""}], ""__typename"": ""SearchProductV5LabelGroups""}, {""position"": ""ri_product_offer_v2"", ""title"": ""Bisa COD"", ""type"": """", ""url"": """", ""styles"": [{""key"": ""outline-color"", ""value"": ""#DFE2EA"", ""__typename"": ""SearchProductV5LabelGroupsStyle""}, {""key"": ""text-color"", ""value"": ""#656C7B"", ""__typename"": ""SearchProductV5LabelGroupsStyle""}], ""__typename"": ""SearchProductV5LabelGroups""}]",50rb+ terjual | Hemat s.d  1% Pakai Bonus | 67% | Rp59.000 | Hemat s.d  1% Pakai Bonus | Bisa COD,7633,2745,200,refreshed,output\bodyCare_enriched_images\100239982920.jpg
102100298545,[ISI 3] Paket Pencerah Badan Viral Habbatussauda Purbasari Lulur Mandi Pengantin 500gr | Body Serum 180ml | Hand & Body Lotion Habbatussauda 200ml,https://www.tokopedia.com/bagong-grosir-solo/isi-3-paket-pencerah-badan-viral-habbatussauda-purbasari-lulur-mandi-pengantin-500gr-body-serum-180ml-hand-body-lotion-habbatussauda-200ml-1732209489898407401?extParam=ivf%3Dfalse%26keyword%3Dbody+care%26search_id%3D20260212104412577BCC914F9E55036POQ%26src%3Dsearch,perawatan-tubuh/perawatan-kulit/body-butter,66900,Rp72.500,0,https://p16-images-sign-sg.tokopedia-static.net/tos-alisg-i-aphluv4xwc-sg/fac903989aca4d1a88b5a4246a038174~tplv-aphluv4xwc-white-pad-v1:200:200.jpeg?lk3s=97278606&x-expires=1770896653&x-signature=HLE%2FZBmtaDh836He7BY0UZrk8T8%3D&x-signature-webp=BT3tpsPLl1UKtJ9QGokdyssu5oA%3D,https://p16-images-sign-sg.tokopedia-static.net/tos-alisg-i-aphluv4xwc-sg/fac903989aca4d1a88b5a4246a038174~tplv-aphluv4xwc-white-pad-v1:200:200.jpeg?lk3s=97278606&x-expires=1770896653&x-signature=HLE%2FZBmtaDh836He7BY0UZrk8T8%3D&x-signature-webp=BT3tpsPLl1UKtJ9QGokdyssu5oA%3D,4.9,7496310195292965353,BAGONG GROSIR SOLO,https://www.tokopedia.com/bagong-grosir-solo,Kab. Sragen,3,10000,False,"[{""position"": ""ri_product_credibility"", ""title"": ""10rb+ terjual"", ""type"": """", ""url"": """", ""styles"": [], ""__typename"": ""SearchProductV5LabelGroups""}, {""position"": ""ri_product_offer"", ""title"": ""Bisa COD"", ""type"": """", ""url"": """", ""styles"": [{""key"": ""text-color"", ""value"": ""#FF7F17"", ""__typename"": ""SearchProductV5LabelGroupsStyle""}], ""__typename"": ""SearchProductV5LabelGroups""}, {""position"": ""final_price"", ""title"": ""Rp66.900"", ""type"": """", ""url"": """", ""styles"": [{""key"": ""text-color"", ""value"": ""#D70C4B"", ""__typename"": ""SearchProductV5LabelGroupsStyle""}], ""__typename"": ""SearchProductV5LabelGroups""}, {""position"": ""ri_product_offer_v2"", ""title"": ""Bisa COD"", ""type"": """", ""url"": """", ""styles"": [{""key"": ""outline-color"", ""value"": ""#DFE2EA"", ""__typename"": ""SearchProductV5LabelGroupsStyle""}, {""key"": ""text-color"", ""value"": ""#656C7B"", ""__typename"": ""SearchProductV5LabelGroupsStyle""}], ""__typename"": ""SearchProductV5LabelGroups""}]",10rb+ terjual | Bisa COD | Rp66.900 | Bisa COD,3967,1346,200,refreshed,output\bodyCare_enriched_images\102100298545.jpg
103009772072,[MEGA] Bundling 2 Paket - WHITE INC AHA Body Serum + Alpha Glowhite Body Lotion to Whitening & Moisturising,https://www.tokopedia.com/white-inc/mega-bundling-2-paket-white-inc-aha-body-serum-alpha-glowhite-body-lotion-to-whitening-moisturising-1734357753554110419?extParam=ivf%3Dfalse%26keyword%3Dbody+care%26search_id%3D20260212104412577BCC914F9E55036POQ%26src%3Dsearch,perawatan-tubuh/perawatan-kulit/body-lotion,99000,Rp240.000,0,https://p16-images-sign-sg.tokopedia-static.net/tos-alisg-i-aphluv4xwc-sg/16b121dc6c6e4070bac9ac61c1393e1f~tplv-aphluv4xwc-white-pad-v1:200:200.jpeg?lk3s=97278606&x-expires=1770896653&x-signature=W08nhJVldxrtT6d1Lw2K%2FFgDuo4%3D&x-signature-webp=h%2Bk4vidsIWJkOBNmMapKTAQtosw%3D,https://p16-images-sign-sg.tokopedia-static.net/tos-alisg-i-aphluv4xwc-sg/16b121dc6c6e4070bac9ac61c1393e1f~tplv-aphluv4xwc-white-pad-v1:200:200.jpeg?lk3s=97278606&x-expires=1770896653&x-signature=W08nhJVldxrtT6d1Lw2K%2FFgDuo4%3D&x-signature-webp=h%2Bk4vidsIWJkOBNmMapKTAQtosw%3D,4.8,7494676800828246995,White inc,https://www.tokopedia.com/white-inc,Jakarta Utara,2,50000,False,"[{""position"": ""ri_product_credibility"", ""title"": ""50rb+ terjual"", ""type"": """", ""url"": """", ""styles"": [], ""__typename"": ""SearchProductV5LabelGroups""}, {""position"": ""ri_product_offer"", ""title"": ""Hemat s.d  1% Pakai Bonus"", ""type"": """", ""url"": """", ""styles"": [{""key"": ""text-color"", ""value"": ""#FF7F17"", ""__typename"": ""SearchProductV5LabelGroupsStyle""}], ""__typename"": ""SearchProductV5LabelGroups""}, {""position"": ""ri_ribbon"", ""title"": ""59%"", ""type"": """", ""url"": """", ""styles"": [{""key"": ""background-color"", ""value"": ""#E02954"", ""__typename"": ""SearchProductV5LabelGroupsStyle""}, {""key"": ""text-color"", ""value"": ""#FFFFFF"", ""__typename"": ""SearchProductV5LabelGroupsStyle""}], ""__typename"": ""SearchProductV5LabelGroups""}, {""position"": ""final_price"", ""title"": ""Rp99.000"", ""type"": """", ""url"": """", ""styles"": [{""key"": ""text-color"", ""value"": ""#D70C4B"", ""__typename"": ""SearchProductV5LabelGroupsStyle""}], ""__typename"": ""SearchProductV5LabelGroups""}, {""position"": ""ri_product_offer_v2"", ""title"": ""Hemat s.d  1% Pakai Bonus"", ""type"": """", ""url"": """", ""styles"": [{""key"": ""outline-color"", ""value"": ""#FFD9A8"", ""__typename"": ""SearchProductV5LabelGroupsStyle""}, {""key"": ""text-color"", ""value"": ""#FF7F17"", ""__typename"": ""SearchProductV5LabelGroupsStyle""}], ""__typename"": ""SearchProductV5LabelGroups""}, {""position"": ""ri_product_offer_v2"", ""title"": ""Bisa COD"", ""type"": """", ""url"": """", ""styles"": [{""key"": ""outline-color"", ""value"": ""#DFE2EA"", ""__typename"": ""SearchProductV5LabelGroupsStyle""}, {""key"": ""text-color"", ""value"": ""#656C7B"", ""__typename"": ""SearchProductV5LabelGroupsStyle""}], ""__typename"": ""SearchProductV5LabelGroups""}]",50rb+ terjual | Hemat s.d  1% Pakai Bonus | 59% | Rp99.000 | Hemat s.d  1% Pakai Bonus | Bisa COD,6452,2003,403,,
100176698812,Skinvu Whitening 2in1 Body Scrub & Body Mask - Lulur Pemutih Brightening Exfoliator,https://www.tokopedia.com/skinvu/skinvu-whitening-2in1-body-scrub-body-mask-lulur-pemutih-brightening-exfoliator-1729858411695868529?extParam=ivf%3Dfalse%26keyword%3Dbody+care%26search_id%3D20260212104412577BCC914F9E55036POQ%26src%3Dsearch,perawatan-tubuh/perawatan-kulit/body-scrub,85000,Rp145.000,0,https://p16-images-sign-sg.tokopedia-static.net/tos-alisg-i-aphluv4xwc-sg/098f27aae9964738b90f39c05c127fec~tplv-aphluv4xwc-white-pad-v1:200:200.jpeg?lk3s=97278606&x-expires=1770896653&x-signature=oYOPnn%2BYcQo5qHPLLzh2Jazo0P0%3D&x-signature-webp=u8yGYlzLge5ud1MMiJPcD%2F2Et5g%3D,https://p16-images-sign-sg.tokopedia-static.net/tos-alisg-i-aphluv4xwc-sg/098f27aae9964738b90f39c05c127fec~tplv-aphluv4xwc-white-pad-v1:200:200.jpeg?lk3s=97278606&x-expires=1770896653&x-signature=oYOPnn%2BYcQo5qHPLLzh2Jazo0P0%3D&x-signature-webp=u8yGYlzLge5ud1MMiJPcD%2F2Et5g%3D,4.9,7495400105226373745,skinvu,https://www.tokopedia.com/skinvu,Semarang,3,9000,False,"[{""position"": ""ri_product_credibility"", ""title"": ""9rb+ terjual"", ""type"": """", ""url"": """", ""styles"": [], ""__typename"": ""SearchProductV5LabelGroups""}, {""position"": ""ri_product_offer"", ""title"": ""Hemat s.d  1% Pakai Bonus"", ""type"": """", ""url"": """", ""styles"": [{""key"": ""text-color"", ""value"": ""#FF7F17"", ""__typename"": ""SearchProductV5LabelGroupsStyle""}], ""__typename"": ""SearchProductV5LabelGroups""}, {""position"": ""ri_ribbon"", ""title"": ""41%"", ""type"": """", ""url"": """", ""styles"": [{""key"": ""background-color"", ""value"": ""#E02954"", ""__typename"": ""SearchProductV5LabelGroupsStyle""}, {""key"": ""text-color"", ""value"": ""#FFFFFF"", ""__typename"": ""SearchProductV5LabelGroupsStyle""}], ""__typename"": ""SearchProductV5LabelGroups""}, {""position"": ""final_price"", ""title"": ""Rp85.000"", ""type"": """", ""url"": """", ""styles"": [{""key"": ""text-color"", ""value"": ""#D70C4B"", ""__typename"": ""SearchProductV5LabelGroupsStyle""}], ""__typename"": ""SearchProductV5LabelGroups""}, {""position"": ""ri_product_offer_v2"", ""title"": ""Hemat s.d  1% Pakai Bonus"", ""type"": """", ""url"": """", ""styles"": [{""key"": ""outline-color"", ""value"": ""#FFD9A8"", ""__typename"": ""SearchProductV5LabelGroupsStyle""}, {""key"": ""text-color"", ""value"": ""#FF7F17"", ""__typename"": ""SearchProductV5LabelGroupsStyle""}], ""__typename"": ""SearchProductV5LabelGroups""}, {""position"": ""ri_product_offer_v2"", ""title"": ""Bisa COD"", ""type"": """", ""url"": """", ""styles"": [{""key"": ""outline-color"", ""value"": ""#DFE2EA"", ""__typename"": ""SearchProductV5LabelGroupsStyle""}, {""key"": ""text-color"", ""value"": ""#656C7B"", ""__typename"": ""SearchProductV5LabelGroupsStyle""}], ""__typename"": ""SearchProductV5LabelGroups""}]",9rb+ terjual | Hemat s.d  1% Pakai Bonus | 41% | Rp85.000 | Hemat s.d  1% Pakai Bonus | Bisa COD,1066,412,200,refreshed,output\bodyCare_enriched_images\100176698812.jpg
16165669759,[ARTHA LDT] SPESIAL LAUNCHING NEW BORN NEXT GENERATION-PAKET BODYCARE (Pink Moistureday Lotion + butter + pinkish essence + collaviol moon lotion) FREE POUCH,https://www.tokopedia.com/arthaldtoffice/artha-ldt-spesial-launching-new-born-next-generation-paket-bodycare-pink-moistureday-lotion-butter-pinkish-essence-collaviol-moon-lotion-free-pouch-1730808945773741586?extParam=ivf%3Dfalse%26keyword%3Dbody+care%26search_id%3D20260212104412577BCC914F9E55036POQ%26src%3Dsearch,perawatan-tubuh/perawatan-kulit/body-lotion,69091,Rp400.000,0,https://p16-images-sign-sg.tokopedia-static.net/tos-alisg-i-aphluv4xwc-sg/53e66416ab684cc48c571852164b9673~tplv-aphluv4xwc-white-pad-v1:200:200.jpeg?lk3s=97278606&x-expires=1770896653&x-signature=EnGbGbswOviGvDKT%2FWUFEJsxNzw%3D&x-signature-webp=7YkeVwTR5E5OalfSJEMjRSRKqRs%3D,https://p16-images-sign-sg.tokopedia-static.net/tos-alisg-i-aphluv4xwc-sg/53e66416ab684cc48c571852164b9673~tplv-aphluv4xwc-white-pad-v1:200:200.jpeg?lk3s=97278606&x-expires=1770896653&x-signature=EnGbGbswOviGvDKT%2FWUFEJsxNzw%3D&x-signature-webp=7YkeVwTR5E5OalfSJEMjRSRKqRs%3D,4.8,16490194,Arthaldtoffice,https://www.tokopedia.com/arthaldtoffice,Kab. Situbondo,2,50000,False,"[{""position"": ""ri_product_credibility"", ""title"": ""50rb+ terjual"", ""type"": """", ""url"": """", ""styles"": [], ""__typename"": ""SearchProductV5LabelGroups""}, {""position"": ""nett_price"", ""title"": ""Rp69.091"", ""type"": """", ""url"": ""https://p16-images-comn-sg.tokopedia-static.net/tos-alisg-i-zr7vqa5nfb-sg/img/ic_promo-discount.png~tplv-zr7vqa5nfb-image.image"", ""styles"": [{""key"": ""background-color"", ""value"": ""#FFF5F6"", ""__typename"": ""SearchProductV5LabelGroupsStyle""}, {""key"": ""background-opacity"", ""value"": ""1"", ""__typename"": ""SearchProductV5LabelGroupsStyle""}, {""key"": ""outline-color"", ""value"": ""#FFB2C2"", ""__typename"": ""SearchProductV5LabelGroupsStyle""}, {""key"": ""text-color"", ""value"": ""#F94D63"", ""__typename"": ""SearchProductV5LabelGroupsStyle""}], ""__typename"": ""SearchProductV5LabelGroups""}, {""position"": ""overlay_1"", ""title"": ""Campaign"", ""type"": """", ""url"": ""https://p16-uploadpedia-sg.tokopedia-static.net/tos-alisg-i-zxty12jeln-sg/8caaede0c21c7e3be9a1b4e8d550acce.png~tplv-zxty12jeln-image.image"", ""styles"": [], ""__typename"": ""SearchProductV5LabelGroups""}, {""position"": ""overlay_3"", ""title"": ""Beli Lokal"", ""type"": """", ""url"": ""https://images.tokopedia.net/img/vMWOpN/2025/10/16/1e33b6b7-d4bb-4aed-a1af-ebb46043c369.png"", ""styles"": [], ""__typename"": ""SearchProductV5LabelGroups""}, {""position"": ""ri_product_offer"", ""title"": ""Hemat s.d  1% Pakai Bonus"", ""type"": """", ""url"": """", ""styles"": [{""key"": ""text-color"", ""value"": ""#FF7F17"", ""__typename"": ""SearchProductV5LabelGroupsStyle""}], ""__typename"": ""SearchProductV5LabelGroups""}, {""position"": ""ri_ribbon"", ""title"": ""83%"", ""type"": """", ""url"": """", ""styles"": [{""key"": ""background-color"", ""value"": ""#E02954"", ""__typename"": ""SearchProductV5LabelGroupsStyle""}, {""key"": ""text-color"", ""value"": ""#FFFFFF"", ""__typename"": ""SearchProductV5LabelGroupsStyle""}], ""__typename"": ""SearchProductV5LabelGroups""}, {""position"": ""promotion_label"", ""title"": ""Harga Diskon"", ""type"": """", ""url"": ""https://p16-images-comn-sg.tokopedia-static.net/tos-alisg-i-zr7vqa5nfb-sg/img/promo/icon/discount-ic-2.png~tplv-zr7vqa5nfb-image.image"", ""styles"": [{""key"": ""background-color"", ""value"": ""#FEECEF"", ""__typename"": ""SearchProductV5LabelGroupsStyle""}, {""key"": ""outline-color"", ""value"": ""#FFC1C5"", ""__typename"": ""SearchProductV5LabelGroupsStyle""}, {""key"": ""text-color"", ""value"": ""#D70C4B"", ""__typename"": ""SearchProductV5LabelGroupsStyle""}], ""__typename"": ""SearchProductV5LabelGroups""}, {""position"": ""final_price"", ""title"": ""Rp69.091"", ""type"": """", ""url"": """", ""styles"": [{""key"": ""text-color"", ""value"": ""#D70C4B"", ""__typename"": ""SearchProductV5LabelGroupsStyle""}], ""__typename"": ""SearchProductV5LabelGroups""}, {""position"": ""ri_product_offer_v2"", ""title"": ""Hemat s.d  1% Pakai Bonus"", ""type"": """", ""url"": """", ""styles"": [{""key"": ""outline-color"", ""value"": ""#FFD9A8"", ""__typename"": ""SearchProductV5LabelGroupsStyle""}, {""key"": ""text-color"", ""value"": ""#FF7F17"", ""__typename"": ""SearchProductV5LabelGroupsStyle""}], ""__typename"": ""SearchProductV5LabelGroups""}, {""position"": ""ri_product_offer_v2"", ""title"": ""Bisa COD"", ""type"": """", ""url"": """", ""styles"": [{""key"": ""outline-color"", ""value"": ""#DFE2EA"", ""__typename"": ""SearchProductV5LabelGroupsStyle""}, {""key"": ""text-color"", ""value"": ""#656C7B"", ""__typename"": ""SearchProductV5LabelGroupsStyle""}], ""__typename"": ""SearchProductV5LabelGroups""}]",50rb+ terjual | Rp69.091 | Campaign | Beli Lokal | Hemat s.d  1% Pakai Bonus | 83% | Harga Diskon | Rp69.091 | Hemat s.d  1% Pakai Bonus | Bisa COD,10827,4915,200,refreshed,output\bodyCare_enriched_images\16165669759.jpg
100176702504,SKINVU WHITENING Glowing Set Bodycare - Body Scrub (Lulur Pemutih) & Lotion Booster (Serum Infused),https://www.tokopedia.com/skinvu/skinvu-whitening-glowing-set-bodycare-body-scrub-lulur-pemutih-lotion-booster-serum-infused-1730157353719268977?extParam=ivf%3Dfalse%26keyword%3Dbody+care%26search_id%3D20260212104412577BCC914F9E55036POQ%26src%3Dsearch,perawatan-tubuh/perawatan-kulit/body-lotion,157779,Rp310.000,0,https://p19-images-sign-sg.tokopedia-static.net/tos-alisg-i-aphluv4xwc-sg/ef12ff9079914069a0ecf1558173875e~tplv-aphluv4xwc-white-pad-v1:200:200.jpeg?lk3s=97278606&x-expires=1770896653&x-signature=XMXTENjsICT8vzfgOZ3mHTvchzc%3D&x-signature-webp=Ev7WlVgVbafao5UDBFoX2iOe8Io%3D,https://p19-images-sign-sg.tokopedia-static.net/tos-alisg-i-aphluv4xwc-sg/ef12ff9079914069a0ecf1558173875e~tplv-aphluv4xwc-white-pad-v1:200:200.jpeg?lk3s=97278606&x-expires=1770896653&x-signature=XMXTENjsICT8vzfgOZ3mHTvchzc%3D&x-signature-webp=Ev7WlVgVbafao5UDBFoX2iOe8Io%3D,4.9,7495400105226373745,skinvu,https://www.tokopedia.com/skinvu,Semarang,3,100000,False,"[{""position"": ""ri_product_credibility"", ""title"": ""100rb+ terjual"", ""type"": """", ""url"": """", ""styles"": [], ""__typename"": ""SearchProductV5LabelGroups""}, {""position"": ""ri_product_offer"", ""title"": ""Hemat s.d  1% Pakai Bonus"", ""type"": """", ""url"": """", ""styles"": [{""key"": ""text-color"", ""value"": ""#FF7F17"", ""__typename"": ""SearchProductV5LabelGroupsStyle""}], ""__typename"": ""SearchProductV5LabelGroups""}, {""position"": ""ri_ribbon"", ""title"": ""49%"", ""type"": """", ""url"": """", ""styles"": [{""key"": ""background-color"", ""value"": ""#E02954"", ""__typename"": ""SearchProductV5LabelGroupsStyle""}, {""key"": ""text-color"", ""value"": ""#FFFFFF"", ""__typename"": ""SearchProductV5LabelGroupsStyle""}], ""__typename"": ""SearchProductV5LabelGroups""}, {""position"": ""final_price"", ""title"": ""Rp157.779"", ""type"": """", ""url"": """", ""styles"": [{""key"": ""text-color"", ""value"": ""#D70C4B"", ""__typename"": ""SearchProductV5LabelGroupsStyle""}], ""__typename"": ""SearchProductV5LabelGroups""}, {""position"": ""ri_product_offer_v2"", ""title"": ""Hemat s.d  1% Pakai Bonus"", ""type"": """", ""url"": """", ""styles"": [{""key"": ""outline-color"", ""value"": ""#FFD9A8"", ""__typename"": ""SearchProductV5LabelGroupsStyle""}, {""key"": ""text-color"", ""value"": ""#FF7F17"", ""__typename"": ""SearchProductV5LabelGroupsStyle""}], ""__typename"": ""SearchProductV5LabelGroups""}, {""position"": ""ri_product_offer_v2"", ""title"": ""Bisa COD"", ""type"": """", ""url"": """", ""styles"": [{""key"": ""outline-color"", ""value"": ""#DFE2EA"", ""__typename"": ""SearchProductV5LabelGroupsStyle""}, {""key"": ""text-color"", ""value"": ""#656C7B"", ""__typename"": ""SearchProductV5LabelGroupsStyle""}], ""__typename"": ""SearchProductV5LabelGroups""}]",100rb+ terjual | Hemat s.d  1% Pakai Bonus | 49% | Rp157.779 | Hemat s.d  1% Pakai Bonus | Bisa COD,14448,5583,200,refreshed,output\bodyCare_enriched_images\100176702504.jpg
102050693882,Misonells New Advance Lotion Premium + Lotion Booster Whitening uk. 250gr Niacinamide Tranexamic Acid,https://www.tokopedia.com/misonells-beaute/misonells-new-advance-lotion-premium-lotion-booster-whitening-uk-250gr-niacinamide-tranexamic-acid-1732131440735192639?extParam=ivf%3Dfalse%26keyword%3Dbody+care%26search_id%3D20260212104412577BCC914F9E55036POQ%26src%3Dsearch,perawatan-tubuh/perawatan-kulit/body-lotion,105000,Rp279.000,0,https://p16-images-sign-sg.tokopedia-static.net/tos-alisg-i-aphluv4xwc-sg/38d31944b9634fd1926dffd1b26f4dfd~tplv-aphluv4xwc-white-pad-v1:200:200.jpeg?lk3s=97278606&x-expires=1770896653&x-signature=gC9ExVXuU0j17z%2FNKDVU%2FNui7lQ%3D&x-signature-webp=W%2B7gUQhdv3ma4LrHNd078oCTH0Q%3D,https://p16-images-sign-sg.tokopedia-static.net/tos-alisg-i-aphluv4xwc-sg/38d31944b9634fd1926dffd1b26f4dfd~tplv-aphluv4xwc-white-pad-v1:200:200.jpeg?lk3s=97278606&x-expires=1770896653&x-signature=gC9ExVXuU0j17z%2FNKDVU%2FNui7lQ%3D&x-signature-webp=W%2B7gUQhdv3ma4LrHNd078oCTH0Q%3D,4.8,7494705871612512831,Misonells beaute,https://www.tokopedia.com/misonells-beaute,Tangerang Selatan,2,10000,False,"[{""position"": ""ri_product_credibility"", ""title"": ""10rb+ terjual"", ""type"": """", ""url"": """", ""styles"": [], ""__typename"": ""SearchProductV5LabelGroups""}, {""position"": ""ri_product_offer"", ""title"": ""Hemat s.d  1% Pakai Bonus"", ""type"": """", ""url"": """", ""styles"": [{""key"": ""text-color"", ""value"": ""#FF7F17"", ""__typename"": ""SearchProductV5LabelGroupsStyle""}], ""__typename"": ""SearchProductV5LabelGroups""}, {""position"": ""ri_ribbon"", ""title"": ""62%"", ""type"": """", ""url"": """", ""styles"": [{""key"": ""background-color"", ""value"": ""#E02954"", ""__typename"": ""SearchProductV5LabelGroupsStyle""}, {""key"": ""text-color"", ""value"": ""#FFFFFF"", ""__typename"": ""SearchProductV5LabelGroupsStyle""}], ""__typename"": ""SearchProductV5LabelGroups""}, {""position"": ""final_price"", ""title"": ""Rp105.000"", ""type"": """", ""url"": """", ""styles"": [{""key"": ""text-color"", ""value"": ""#D70C4B"", ""__typename"": ""SearchProductV5LabelGroupsStyle""}], ""__typename"": ""SearchProductV5LabelGroups""}, {""position"": ""ri_product_offer_v2"", ""title"": ""Hemat s.d  1% Pakai Bonus"", ""type"": """", ""url"": """", ""styles"": [{""key"": ""outline-color"", ""value"": ""#FFD9A8"", ""__typename"": ""SearchProductV5LabelGroupsStyle""}, {""key"": ""text-color"", ""value"": ""#FF7F17"", ""__typename"": ""SearchProductV5LabelGroupsStyle""}], ""__typename"": ""SearchProductV5LabelGroups""}, {""position"": ""ri_product_offer_v2"", ""title"": ""Bisa COD"", ""type"": """", ""url"": """", ""styles"": [{""key"": ""outline-color"", ""value"": ""#DFE2EA"", ""__typename"": ""SearchProductV5LabelGroupsStyle""}, {""key"": ""text-color"", ""value"": ""#656C7B"", ""__typename"": ""SearchProductV5LabelGroupsStyle""}], ""__typename"": ""SearchProductV5LabelGroups""}]",10rb+ terjual | Hemat s.d  1% Pakai Bonus | 62% | Rp105.000 | Hemat s.d  1% Pakai Bonus | Bisa COD,1860,763,403,,
100706943686,Noera Whitening Booster Night Vitamin Lotion | Niacinamide 6% Tranexamic Acid 3% Alpha Arbutin 2% Lotion Pencerah Kulit | Whitening Booster Lotion,https://www.tokopedia.com/noera-by-reisha/noera-whitening-booster-night-vitamin-lotion-niacinamide-6-tranexamic-acid-3-alpha-arbutin-2-lotion-pencerah-kulit-whitening-booster-lotion-1730335595260118896?extParam=ivf%3Dfalse%26keyword%3Dbody+care%26search_id%3D20260212104412577BCC914F9E55036POQ%26src%3Dsearch,perawatan-tubuh/perawatan-kulit/body-lotion,229000,Rp300.000,0,https://p16-images-sign-sg.tokopedia-static.net/tos-alisg-i-aphluv4xwc-sg/5481312f1fce4e949617f68ca457a560~tplv-aphluv4xwc-white-pad-v1:200:200.jpeg?lk3s=97278606&x-expires=1770896653&x-signature=ybrXzWUqBj%2FKyO24Hlxth11Vio8%3D&x-signature-webp=sjlye%2BNVSN69Z1hRTlClVZ39zY0%3D,https://p16-images-sign-sg.tokopedia-static.net/tos-alisg-i-aphluv4xwc-sg/5481312f1fce4e949617f68ca457a560~tplv-aphluv4xwc-white-pad-v1:200:200.jpeg?lk3s=97278606&x-expires=1770896653&x-signature=ybrXzWUqBj%2FKyO24Hlxth11Vio8%3D&x-signature-webp=sjlye%2BNVSN69Z1hRTlClVZ39zY0%3D,4.9,7494083400990099312,Noera By Reisha,https://www.tokopedia.com/noera-by-reisha,Kab. Bandung,2,100000,False,"[{""position"": ""ri_product_credibility"", ""title"": ""100rb+ terjual"", ""type"": """", ""url"": """", ""styles"": [], ""__typename"": ""SearchProductV5LabelGroups""}, {""position"": ""ri_product_offer"", ""title"": ""Hemat s.d  1% Pakai Bonus"", ""type"": """", ""url"": """", ""styles"": [{""key"": ""text-color"", ""value"": ""#FF7F17"", ""__typename"": ""SearchProductV5LabelGroupsStyle""}], ""__typename"": ""SearchProductV5LabelGroups""}, {""position"": ""ri_ribbon"", ""title"": ""24%"", ""type"": """", ""url"": """", ""styles"": [{""key"": ""background-color"", ""value"": ""#E02954"", ""__typename"": ""SearchProductV5LabelGroupsStyle""}, {""key"": ""text-color"", ""value"": ""#FFFFFF"", ""__typename"": ""SearchProductV5LabelGroupsStyle""}], ""__typename"": ""SearchProductV5LabelGroups""}, {""position"": ""final_price"", ""title"": ""Rp229.000"", ""type"": """", ""url"": """", ""styles"": [{""key"": ""text-color"", ""value"": ""#D70C4B"", ""__typename"": ""SearchProductV5LabelGroupsStyle""}], ""__typename"": ""SearchProductV5LabelGroups""}, {""position"": ""ri_product_offer_v2"", ""title"": ""Hemat s.d  1% Pakai Bonus"", ""type"": """", ""url"": """", ""styles"": [{""key"": ""outline-color"", ""value"": ""#FFD9A8"", ""__typename"": ""SearchProductV5LabelGroupsStyle""}, {""key"": ""text-color"", ""value"": ""#FF7F17"", ""__typename"": ""SearchProductV5LabelGroupsStyle""}], ""__typename"": ""SearchProductV5LabelGroups""}, {""position"": ""ri_product_offer_v2"", ""title"": ""Bisa COD"", ""type"": """", ""url"": """", ""styles"": [{""key"": ""outline-color"", ""value"": ""#DFE2EA"", ""__typename"": ""SearchProductV5LabelGroupsStyle""}, {""key"": ""text-color"", ""value"": ""#656C7B"", ""__typename"": ""SearchProductV5LabelGroupsStyle""}], ""__typename"": ""SearchProductV5LabelGroups""}]",100rb+ terjual | Hemat s.d  1% Pakai Bonus | 24% | Rp229.000 | Hemat s.d  1% Pakai Bonus | Bisa COD,35695,13845,200,refreshed,output\bodyCare_enriched_images\100706943686.jpg
102283652186,PURBASARI GLUTA HYA BODY SERUM - HAND BODY PURBASARI GLUTA HYA 180ml,https://www.tokopedia.com/ultraglowing/purbasari-gluta-hya-body-serum-hand-body-purbasari-gluta-hya-180ml-1732565341017441381?extParam=ivf%3Dfalse%26keyword%3Dbody+care%26search_id%3D20260212104412577BCC914F9E55036POQ%26src%3Dsearch,perawatan-tubuh/perawatan-kulit/body-lotion,21500,,0,https://p16-images-sign-sg.tokopedia-static.net/tos-alisg-i-aphluv4xwc-sg/a4033a93c92f492d8d75e267c02c5312~tplv-aphluv4xwc-white-pad-v1:200:200.jpeg?lk3s=97278606&x-expires=1770896653&x-signature=3kHT%2FFIaKQTIXiB7hUOIXkoqvZY%3D&x-signature-webp=lJqT%2FOcw4PNIOjSkOc6jnI7qajs%3D,https://p16-images-sign-sg.tokopedia-static.net/tos-alisg-i-aphluv4xwc-sg/a4033a93c92f492d8d75e267c02c5312~tplv-aphluv4xwc-white-pad-v1:200:200.jpeg?lk3s=97278606&x-expires=1770896653&x-signature=3kHT%2FFIaKQTIXiB7hUOIXkoqvZY%3D&x-signature-webp=lJqT%2FOcw4PNIOjSkOc6jnI7qajs%3D,4.8,7495157248338135141,ULTRAGLOWING,https://www.tokopedia.com/ultraglowing,Kab. Boyolali,3,10000,False,"[{""position"": ""ri_product_credibility"", ""title"": ""10rb+ terjual"", ""type"": """", ""url"": """", ""styles"": [], ""__typename"": ""SearchProductV5LabelGroups""}, {""position"": ""ri_product_offer"", ""title"": ""Bisa COD"", ""type"": """", ""url"": """", ""styles"": [{""key"": ""text-color"", ""value"": ""#FF7F17"", ""__typename"": ""SearchProductV5LabelGroupsStyle""}], ""__typename"": ""SearchProductV5LabelGroups""}, {""position"": ""final_price"", ""title"": ""Rp21.500"", ""type"": """", ""url"": """", ""styles"": [{""key"": ""text-color"", ""value"": ""#080808"", ""__typename"": ""SearchProductV5LabelGroupsStyle""}], ""__typename"": ""SearchProductV5LabelGroups""}, {""position"": ""ri_product_offer_v2"", ""title"": ""Bisa COD"", ""type"": """", ""url"": """", ""styles"": [{""key"": ""outline-color"", ""value"": ""#DFE2EA"", ""__typename"": ""SearchProductV5LabelGroupsStyle""}, {""key"": ""text-color"", ""value"": ""#656C7B"", ""__typename"": ""SearchProductV5LabelGroupsStyle""}], ""__typename"": ""SearchProductV5LabelGroups""}]",10rb+ terjual | Bisa COD | Rp21.500 | Bisa COD,3456,1174,200,refreshed,output\bodyCare_enriched_images\102283652186.jpg
100274554118,FYC - Morris Parfum Frosted/Glam Edition X Ginza Body Serum 180ml - All Variant,https://www.tokopedia.com/morrisparfum/fyc-morris-parfum-frosted-glam-edition-x-ginza-body-serum-180ml-all-variant-1729726795266492023?extParam=ivf%3Dtrue%26keyword%3Dbody+care%26search_id%3D20260212104412577BCC914F9E55036POQ%26src%3Dsearch,perawatan-tubuh/parfum-cologne-fragrance/parfum-cologne-wanita,55000,Rp123.683,0,https://p16-images-sign-sg.tokopedia-static.net/tos-alisg-i-aphluv4xwc-sg/2c90797938bd48518145a926786a1189~tplv-aphluv4xwc-white-pad-v1:200:200.jpeg?lk3s=97278606&x-expires=1770896653&x-signature=%2BeTR4HfTYptDiP%2F%2Bh2%2FDI54xAPk%3D&x-signature-webp=oaqz2y%2FqXyqNZ0msa%2Bg%2BP4jVvNQ%3D,https://p16-images-sign-sg.tokopedia-static.net/tos-alisg-i-aphluv4xwc-sg/2c90797938bd48518145a926786a1189~tplv-aphluv4xwc-white-pad-v1:200:200.jpeg?lk3s=97278606&x-expires=1770896653&x-signature=%2BeTR4HfTYptDiP%2F%2Bh2%2FDI54xAPk%3D&x-signature-webp=oaqz2y%2FqXyqNZ0msa%2Bg%2BP4jVvNQ%3D,4.8,1600434,Morris Indonesia_NEW,https://www.tokopedia.com/morrisparfum,Kab. Tangerang,2,100000,False,"[{""position"": ""ri_product_credibility"", ""title"": ""100rb+ terjual"", ""type"": """", ""url"": """", ""styles"": [], ""__typename"": ""SearchProductV5LabelGroups""}, {""position"": ""overlay_1"", ""title"": ""Campaign"", ""type"": """", ""url"": ""https://p16-uploadpedia-sg.tokopedia-static.net/tos-alisg-i-zxty12jeln-sg/8caaede0c21c7e3be9a1b4e8d550acce.png~tplv-zxty12jeln-image.image"", ""styles"": [], ""__typename"": ""SearchProductV5LabelGroups""}, {""position"": ""overlay_3"", ""title"": ""Beli Lokal"", ""type"": """", ""url"": ""https://images.tokopedia.net/img/vMWOpN/2025/10/16/1e33b6b7-d4bb-4aed-a1af-ebb46043c369.png"", ""styles"": [], ""__typename"": ""SearchProductV5LabelGroups""}, {""position"": ""ri_product_offer"", ""title"": ""Hemat s.d  1% Pakai Bonus"", ""type"": """", ""url"": """", ""styles"": [{""key"": ""text-color"", ""value"": ""#FF7F17"", ""__typename"": ""SearchProductV5LabelGroupsStyle""}], ""__typename"": ""SearchProductV5LabelGroups""}, {""position"": ""ri_ribbon"", ""title"": ""56%"", ""type"": """", ""url"": """", ""styles"": [{""key"": ""background-color"", ""value"": ""#E02954"", ""__typename"": ""SearchProductV5LabelGroupsStyle""}, {""key"": ""text-color"", ""value"": ""#FFFFFF"", ""__typename"": ""SearchProductV5LabelGroupsStyle""}], ""__typename"": ""SearchProductV5LabelGroups""}, {""position"": ""final_price"", ""title"": ""Rp55.000"", ""type"": """", ""url"": """", ""styles"": [{""key"": ""text-color"", ""value"": ""#D70C4B"", ""__typename"": ""SearchProductV5LabelGroupsStyle""}], ""__typename"": ""SearchProductV5LabelGroups""}, {""position"": ""ri_product_offer_v2"", ""title"": ""Hemat s.d  1% Pakai Bonus"", ""type"": """", ""url"": """", ""styles"": [{""key"": ""outline-color"", ""value"": ""#FFD9A8"", ""__typename"": ""SearchProductV5LabelGroupsStyle""}, {""key"": ""text-color"", ""value"": ""#FF7F17"", ""__typename"": ""SearchProductV5LabelGroupsStyle""}], ""__typename"": ""SearchProductV5LabelGroups""}, {""position"": ""ri_product_offer_v2"", ""title"": ""+Hadiah Gratis"", ""type"": """", ""url"": """", ""styles"": [{""key"": ""outline-color"", ""value"": ""#FFC1C5"", ""__typename"": ""SearchProductV5LabelGroupsStyle""}, {""key"": ""text-color"", ""value"": ""#D70C4B"", ""__typename"": ""SearchProductV5LabelGroupsStyle""}], ""__typename"": ""SearchProductV5LabelGroups""}]",100rb+ terjual | Campaign | Beli Lokal | Hemat s.d  1% Pakai Bonus | 56% | Rp55.000 | Hemat s.d  1% Pakai Bonus | +Hadiah Gratis,36350,14259,200,refreshed,output\bodyCare_enriched_images\100274554118.jpg
102684404689,[ISI 4] PAKET PENCERAH BADAN VIRAL ISI LULUR PENGANTIN PURBASARI + SABUN PYARY NALPAMARA + BODY SERUM PURBASARI GLUTA HYA + HBL HABBATUSSAUDA,https://www.tokopedia.com/jelitabeautys/isi-4-paket-pencerah-badan-viral-isi-lulur-pengantin-purbasari-sabun-pyary-nalpamara-body-serum-purbasari-gluta-hya-hbl-habbatussauda-1733570685935847256?extParam=ivf%3Dfalse%26keyword%3Dbody+care%26search_id%3D20260212104412577BCC914F9E55036POQ%26src%3Dsearch,kecantikan/perawatan-wajah/paket-perawatan-wajah,88000,,0,https://p16-images-sign-sg.tokopedia-static.net/tos-alisg-i-aphluv4xwc-sg/bdf3e87d9e734b57999d27f8b67dc9d0~tplv-aphluv4xwc-white-pad-v1:200:200.jpeg?lk3s=97278606&x-expires=1770896653&x-signature=WRkN4g5kkjXi%2Biz0IuBXJGt%2BYjg%3D&x-signature-webp=E1jz9mNLBGSq5%2FGGhydNzcxUrOw%3D,https://p16-images-sign-sg.tokopedia-static.net/tos-alisg-i-aphluv4xwc-sg/bdf3e87d9e734b57999d27f8b67dc9d0~tplv-aphluv4xwc-white-pad-v1:200:200.jpeg?lk3s=97278606&x-expires=1770896653&x-signature=WRkN4g5kkjXi%2Biz0IuBXJGt%2BYjg%3D&x-signature-webp=E1jz9mNLBGSq5%2FGGhydNzcxUrOw%3D,4.7,7494088088872388440,JELITABEAUTYS_NEW,https://www.tokopedia.com/jelitabeautys,Kab. Boyolali,1,100,False,"[{""position"": ""ri_product_credibility"", ""title"": ""100+ terjual"", ""type"": """", ""url"": """", ""styles"": [], ""__typename"": ""SearchProductV5LabelGroups""}, {""position"": ""ri_product_offer"", ""title"": ""Bisa COD"", ""type"": """", ""url"": """", ""styles"": [{""key"": ""text-color"", ""value"": ""#FF7F17"", ""__typename"": ""SearchProductV5LabelGroupsStyle""}], ""__typename"": ""SearchProductV5LabelGroups""}, {""position"": ""final_price"", ""title"": ""Rp88.000"", ""type"": """", ""url"": """", ""styles"": [{""key"": ""text-color"", ""value"": ""#080808"", ""__typename"": ""SearchProductV5LabelGroupsStyle""}], ""__typename"": ""SearchProductV5LabelGroups""}, {""position"": ""ri_product_offer_v2"", ""title"": ""Bisa COD"", ""type"": """", ""url"": """", ""styles"": [{""key"": ""outline-color"", ""value"": ""#DFE2EA"", ""__typename"": ""SearchProductV5LabelGroupsStyle""}, {""key"": ""text-color"", ""value"": ""#656C7B"", ""__typename"": ""SearchProductV5LabelGroupsStyle""}], ""__typename"": ""SearchProductV5LabelGroups""}]",100+ terjual | Bisa COD | Rp88.000 | Bisa COD,26,26,403,,
102516588154,[SPECIAL LIVE - MC Denise - Buy 2 Get 4 Free 1x Smoothing 20ml + 1x Overnight 100ml] Vaseline Gluta Hya Flawless Bright & Dewy Radiance 200ml,https://www.tokopedia.com/vaseline-indonesia/special-live-mc-denise-buy-2-get-4-free-1x-smoothing-20ml-1x-overnight-100ml-vaseline-gluta-hya-flawless-bright-dewy-radiance-200ml-1733080265091024392?extParam=ivf%3Dfalse%26keyword%3Dbody+care%26search_id%3D20260212104412577BCC914F9E55036POQ%26src%3Dsearch,perawatan-tubuh/perawatan-kulit/body-lotion,101600,Rp129.800,0,https://p19-images-sign-sg.tokopedia-static.net/tos-alisg-i-aphluv4xwc-sg/e80d059898f94f44857775687b591e09~tplv-aphluv4xwc-white-pad-v1:200:200.jpeg?lk3s=97278606&x-expires=1770896653&x-signature=otcH3fJC5mq81XC54CPPl0zU9Gg%3D&x-signature-webp=vB95W5BpoPI6UKtYOlc4c2yX23I%3D,https://p19-images-sign-sg.tokopedia-static.net/tos-alisg-i-aphluv4xwc-sg/e80d059898f94f44857775687b591e09~tplv-aphluv4xwc-white-pad-v1:200:200.jpeg?lk3s=97278606&x-expires=1770896653&x-signature=otcH3fJC5mq81XC54CPPl0zU9Gg%3D&x-signature-webp=vB95W5BpoPI6UKtYOlc4c2yX23I%3D,4.9,7494687833781864968,Vaseline Indonesia,https://www.tokopedia.com/vaseline-indonesia,Tangerang,2,5000,False,"[{""position"": ""ri_product_credibility"", ""title"": ""5rb+ terjual"", ""type"": """", ""url"": """", ""styles"": [], ""__typename"": ""SearchProductV5LabelGroups""}, {""position"": ""nett_price"", ""title"": ""Rp101.600"", ""type"": """", ""url"": ""https://p16-images-comn-sg.tokopedia-static.net/tos-alisg-i-zr7vqa5nfb-sg/img/ic_promo-discount.png~tplv-zr7vqa5nfb-image.image"", ""styles"": [{""key"": ""background-color"", ""value"": ""#FFF5F6"", ""__typename"": ""SearchProductV5LabelGroupsStyle""}, {""key"": ""background-opacity"", ""value"": ""1"", ""__typename"": ""SearchProductV5LabelGroupsStyle""}, {""key"": ""outline-color"", ""value"": ""#FFB2C2"", ""__typename"": ""SearchProductV5LabelGroupsStyle""}, {""key"": ""text-color"", ""value"": ""#F94D63"", ""__typename"": ""SearchProductV5LabelGroupsStyle""}], ""__typename"": ""SearchProductV5LabelGroups""}, {""position"": ""overlay_1"", ""title"": ""Campaign"", ""type"": """", ""url"": ""https://p16-uploadpedia-sg.tokopedia-static.net/tos-alisg-i-zxty12jeln-sg/8caaede0c21c7e3be9a1b4e8d550acce.png~tplv-zxty12jeln-image.image"", ""styles"": [], ""__typename"": ""SearchProductV5LabelGroups""}, {""position"": ""ri_product_offer"", ""title"": ""Hemat s.d  1% Pakai Bonus"", ""type"": """", ""url"": """", ""styles"": [{""key"": ""text-color"", ""value"": ""#FF7F17"", ""__typename"": ""SearchProductV5LabelGroupsStyle""}], ""__typename"": ""SearchProductV5LabelGroups""}, {""position"": ""ri_ribbon"", ""title"": ""22%"", ""type"": """", ""url"": """", ""styles"": [{""key"": ""background-color"", ""value"": ""#E02954"", ""__typename"": ""SearchProductV5LabelGroupsStyle""}, {""key"": ""text-color"", ""value"": ""#FFFFFF"", ""__typename"": ""SearchProductV5LabelGroupsStyle""}], ""__typename"": ""SearchProductV5LabelGroups""}, {""position"": ""promotion_label"", ""title"": ""Harga Diskon"", ""type"": """", ""url"": ""https://p16-images-comn-sg.tokopedia-static.net/tos-alisg-i-zr7vqa5nfb-sg/img/promo/icon/discount-ic-2.png~tplv-zr7vqa5nfb-image.image"", ""styles"": [{""key"": ""background-color"", ""value"": ""#FEECEF"", ""__typename"": ""SearchProductV5LabelGroupsStyle""}, {""key"": ""outline-color"", ""value"": ""#FFC1C5"", ""__typename"": ""SearchProductV5LabelGroupsStyle""}, {""key"": ""text-color"", ""value"": ""#D70C4B"", ""__typename"": ""SearchProductV5LabelGroupsStyle""}], ""__typename"": ""SearchProductV5LabelGroups""}, {""position"": ""final_price"", ""title"": ""Rp101.600"", ""type"": """", ""url"": """", ""styles"": [{""key"": ""text-color"", ""value"": ""#D70C4B"", ""__typename"": ""SearchProductV5LabelGroupsStyle""}], ""__typename"": ""SearchProductV5LabelGroups""}, {""position"": ""ri_product_offer_v2"", ""title"": ""Hemat s.d  1% Pakai Bonus"", ""type"": """", ""url"": """", ""styles"": [{""key"": ""outline-color"", ""value"": ""#FFD9A8"", ""__typename"": ""SearchProductV5LabelGroupsStyle""}, {""key"": ""text-color"", ""value"": ""#FF7F17"", ""__typename"": ""SearchProductV5LabelGroupsStyle""}], ""__typename"": ""SearchProductV5LabelGroups""}, {""position"": ""ri_product_offer_v2"", ""title"": ""+2 lain, disc 3%"", ""type"": """", ""url"": """", ""styles"": [{""key"": ""outline-color"", ""value"": ""#FFC1C5"", ""__typename"": ""SearchProductV5LabelGroupsStyle""}, {""key"": ""text-color"", ""value"": ""#D70C4B"", ""__typename"": ""SearchProductV5LabelGroupsStyle""}], ""__typename"": ""SearchProductV5LabelGroups""}]","5rb+ terjual | Rp101.600 | Campaign | Hemat s.d  1% Pakai Bonus | 22% | Harga Diskon | Rp101.600 | Hemat s.d  1% Pakai Bonus | +2 lain, disc 3%",828,318,200,refreshed,output\bodyCare_enriched_images\102516588154.jpg
102662101057,[BUY 3 GET FREE Tissue & Jedai] Vaseline Healthy Bright Soft Glow Serum 100Ml Isi 2 & Lotion Healthy White Uv Lightening 100Ml,https://www.tokopedia.com/vaseline-indonesia/buy-3-get-free-tissue-jedai-vaseline-healthy-bright-soft-glow-serum-100ml-isi-2-lotion-healthy-white-uv-lightening-100ml-1733475359296161288?extParam=ivf%3Dfalse%26keyword%3Dbody+care%26search_id%3D20260212104412577BCC914F9E55036POQ%26src%3Dsearch,perawatan-tubuh/perawatan-kulit/body-lotion,57200,Rp62.400,0,https://p16-images-sign-sg.tokopedia-static.net/tos-alisg-i-aphluv4xwc-sg/ea12fddb31f74a28ad045d47802b99d8~tplv-aphluv4xwc-white-pad-v1:200:200.jpeg?lk3s=97278606&x-expires=1770896653&x-signature=WkNnVtDquMn%2BWO8SHyKXKA7S7bo%3D&x-signature-webp=c6I%2BPrn1ycETZQXxx2QQb%2FuxUIA%3D,https://p16-images-sign-sg.tokopedia-static.net/tos-alisg-i-aphluv4xwc-sg/ea12fddb31f74a28ad045d47802b99d8~tplv-aphluv4xwc-white-pad-v1:200:200.jpeg?lk3s=97278606&x-expires=1770896653&x-signature=WkNnVtDquMn%2BWO8SHyKXKA7S7bo%3D&x-signature-webp=c6I%2BPrn1ycETZQXxx2QQb%2FuxUIA%3D,4.8,7494687833781864968,Vaseline Indonesia,https://www.tokopedia.com/vaseline-indonesia,Tangerang,2,3000,False,"[{""position"": ""ri_product_credibility"", ""title"": ""3rb+ terjual"", ""type"": """", ""url"": """", ""styles"": [], ""__typename"": ""SearchProductV5LabelGroups""}, {""position"": ""overlay_1"", ""title"": ""Campaign"", ""type"": """", ""url"": ""https://p16-uploadpedia-sg.tokopedia-static.net/tos-alisg-i-zxty12jeln-sg/8caaede0c21c7e3be9a1b4e8d550acce.png~tplv-zxty12jeln-image.image"", ""styles"": [], ""__typename"": ""SearchProductV5LabelGroups""}, {""position"": ""ri_product_offer"", ""title"": ""Hemat s.d  1% Pakai Bonus"", ""type"": """", ""url"": """", ""styles"": [{""key"": ""text-color"", ""value"": ""#FF7F17"", ""__typename"": ""SearchProductV5LabelGroupsStyle""}], ""__typename"": ""SearchProductV5LabelGroups""}, {""position"": ""final_price"", ""title"": ""Rp57.200"", ""type"": """", ""url"": """", ""styles"": [{""key"": ""text-color"", ""value"": ""#D70C4B"", ""__typename"": ""SearchProductV5LabelGroupsStyle""}], ""__typename"": ""SearchProductV5LabelGroups""}, {""position"": ""ri_product_offer_v2"", ""title"": ""Hemat s.d  1% Pakai Bonus"", ""type"": """", ""url"": """", ""styles"": [{""key"": ""outline-color"", ""value"": ""#FFD9A8"", ""__typename"": ""SearchProductV5LabelGroupsStyle""}, {""key"": ""text-color"", ""value"": ""#FF7F17"", ""__typename"": ""SearchProductV5LabelGroupsStyle""}], ""__typename"": ""SearchProductV5LabelGroups""}, {""position"": ""ri_product_offer_v2"", ""title"": ""+2 lain, disc 3%"", ""type"": """", ""url"": """", ""styles"": [{""key"": ""outline-color"", ""value"": ""#FFC1C5"", ""__typename"": ""SearchProductV5LabelGroupsStyle""}, {""key"": ""text-color"", ""value"": ""#D70C4B"", ""__typename"": ""SearchProductV5LabelGroupsStyle""}], ""__typename"": ""SearchProductV5LabelGroups""}]","3rb+ terjual | Campaign | Hemat s.d  1% Pakai Bonus | Rp57.200 | Hemat s.d  1% Pakai Bonus | +2 lain, disc 3%",481,226,200,refreshed,output\bodyCare_enriched_images\102662101057.jpg
100022946767,[PAKET COMBO HEMAT] PURBASARI Body Serum White Glow + Lulur Mandi Body Scrub 100 gr & 200 gr,https://www.tokopedia.com/mafaza-beauty-oficial/paket-combo-hemat-purbasari-body-serum-white-glow-lulur-mandi-body-scrub-100-gr-200-gr-1729726342007522507?extParam=ivf%3Dfalse%26keyword%3Dbody+care%26search_id%3D20260212104412577BCC914F9E55036POQ%26src%3Dsearch,perawatan-tubuh/perawatan-kulit/body-scrub,35300,Rp60.000,0,https://p16-images-sign-sg.tokopedia-static.net/tos-alisg-i-aphluv4xwc-sg/4b05dcda5e2c4c71be93f76b64e64811~tplv-aphluv4xwc-white-pad-v1:200:200.jpeg?lk3s=97278606&x-expires=1770896653&x-signature=FsJD6GcOkJL8UkR1Oq1qQNZnaEw%3D&x-signature-webp=Iu4yrRlvUUAvTOkky%2F0PAZj3sZE%3D,https://p16-images-sign-sg.tokopedia-static.net/tos-alisg-i-aphluv4xwc-sg/4b05dcda5e2c4c71be93f76b64e64811~tplv-aphluv4xwc-white-pad-v1:200:200.jpeg?lk3s=97278606&x-expires=1770896653&x-signature=FsJD6GcOkJL8UkR1Oq1qQNZnaEw%3D&x-signature-webp=Iu4yrRlvUUAvTOkky%2F0PAZj3sZE%3D,4.7,7494523984566782155,Mafaza Beauty Oficial,https://www.tokopedia.com/mafaza-beauty-oficial,Semarang,3,10000,False,"[{""position"": ""ri_product_credibility"", ""title"": ""10rb+ terjual"", ""type"": """", ""url"": """", ""styles"": [], ""__typename"": ""SearchProductV5LabelGroups""}, {""position"": ""ri_product_offer"", ""title"": ""Bisa COD"", ""type"": """", ""url"": """", ""styles"": [{""key"": ""text-color"", ""value"": ""#FF7F17"", ""__typename"": ""SearchProductV5LabelGroupsStyle""}], ""__typename"": ""SearchProductV5LabelGroups""}, {""position"": ""ri_ribbon"", ""title"": ""41%"", ""type"": """", ""url"": """", ""styles"": [{""key"": ""background-color"", ""value"": ""#E02954"", ""__typename"": ""SearchProductV5LabelGroupsStyle""}, {""key"": ""text-color"", ""value"": ""#FFFFFF"", ""__typename"": ""SearchProductV5LabelGroupsStyle""}], ""__typename"": ""SearchProductV5LabelGroups""}, {""position"": ""final_price"", ""title"": ""Rp35.300"", ""type"": """", ""url"": """", ""styles"": [{""key"": ""text-color"", ""value"": ""#D70C4B"", ""__typename"": ""SearchProductV5LabelGroupsStyle""}], ""__typename"": ""SearchProductV5LabelGroups""}, {""position"": ""ri_product_offer_v2"", ""title"": ""Bisa COD"", ""type"": """", ""url"": """", ""styles"": [{""key"": ""outline-color"", ""value"": ""#DFE2EA"", ""__typename"": ""SearchProductV5LabelGroupsStyle""}, {""key"": ""text-color"", ""value"": ""#656C7B"", ""__typename"": ""SearchProductV5LabelGroupsStyle""}], ""__typename"": ""SearchProductV5LabelGroups""}]",10rb+ terjual | Bisa COD | 41% | Rp35.300 | Bisa COD,4144,1367,200,refreshed,output\bodyCare_enriched_images\100022946767.jpg
100255020146,[400ml] WHITE INC Alpha Glowhite Body Lotion Whitening & Moisturizing | Body Cream Body Lotion Menghidrasi Kulit,https://www.tokopedia.com/white-inc/400ml-white-inc-alpha-glowhite-body-lotion-whitening-moisturizing-body-cream-body-lotion-menghidrasi-kulit-1730994090387212243?extParam=ivf%3Dtrue%26keyword%3Dbody+care%26search_id%3D20260212104412577BCC914F9E55036POQ%26src%3Dsearch,perawatan-tubuh/perawatan-kulit/body-lotion,49000,Rp120.000,0,https://p16-images-sign-sg.tokopedia-static.net/tos-alisg-i-aphluv4xwc-sg/52f2623b211c4d1998ed3916192e057a~tplv-aphluv4xwc-white-pad-v1:200:200.jpeg?lk3s=97278606&x-expires=1770896653&x-signature=EvIFYMPyK%2FCK7I5Lti%2FSaML9lDc%3D&x-signature-webp=IPB6tAZ7rRzZNXhxfg4iDfopdfc%3D,https://p16-images-sign-sg.tokopedia-static.net/tos-alisg-i-aphluv4xwc-sg/52f2623b211c4d1998ed3916192e057a~tplv-aphluv4xwc-white-pad-v1:200:200.jpeg?lk3s=97278606&x-expires=1770896653&x-signature=EvIFYMPyK%2FCK7I5Lti%2FSaML9lDc%3D&x-signature-webp=IPB6tAZ7rRzZNXhxfg4iDfopdfc%3D,4.8,7494676800828246995,White inc,https://www.tokopedia.com/white-inc,Jakarta Utara,2,1000000,False,"[{""position"": ""ri_product_credibility"", ""title"": ""1jt+ terjual"", ""type"": """", ""url"": """", ""styles"": [], ""__typename"": ""SearchProductV5LabelGroups""}, {""position"": ""ri_product_offer"", ""title"": ""Hemat s.d  1% Pakai Bonus"", ""type"": """", ""url"": """", ""styles"": [{""key"": ""text-color"", ""value"": ""#FF7F17"", ""__typename"": ""SearchProductV5LabelGroupsStyle""}], ""__typename"": ""SearchProductV5LabelGroups""}, {""position"": ""ri_ribbon"", ""title"": ""59%"", ""type"": """", ""url"": """", ""styles"": [{""key"": ""background-color"", ""value"": ""#E02954"", ""__typename"": ""SearchProductV5LabelGroupsStyle""}, {""key"": ""text-color"", ""value"": ""#FFFFFF"", ""__typename"": ""SearchProductV5LabelGroupsStyle""}], ""__typename"": ""SearchProductV5LabelGroups""}, {""position"": ""final_price"", ""title"": ""Rp49.000"", ""type"": """", ""url"": """", ""styles"": [{""key"": ""text-color"", ""value"": ""#D70C4B"", ""__typename"": ""SearchProductV5LabelGroupsStyle""}], ""__typename"": ""SearchProductV5LabelGroups""}, {""position"": ""ri_product_offer_v2"", ""title"": ""Hemat s.d  1% Pakai Bonus"", ""type"": """", ""url"": """", ""styles"": [{""key"": ""outline-color"", ""value"": ""#FFD9A8"", ""__typename"": ""SearchProductV5LabelGroupsStyle""}, {""key"": ""text-color"", ""value"": ""#FF7F17"", ""__typename"": ""SearchProductV5LabelGroupsStyle""}], ""__typename"": ""SearchProductV5LabelGroups""}, {""position"": ""ri_product_offer_v2"", ""title"": ""Bisa COD"", ""type"": """", ""url"": """", ""styles"": [{""key"": ""outline-color"", ""value"": ""#DFE2EA"", ""__typename"": ""SearchProductV5LabelGroupsStyle""}, {""key"": ""text-color"", ""value"": ""#656C7B"", ""__typename"": ""SearchProductV5LabelGroupsStyle""}], ""__typename"": ""SearchProductV5LabelGroups""}]",1jt+ terjual | Hemat s.d  1% Pakai Bonus | 59% | Rp49.000 | Hemat s.d  1% Pakai Bonus | Bisa COD,129536,31377,200,refreshed,output\bodyCare_enriched_images\100255020146.jpg
100690227906,SABUN AFTERMYSKIN / SABUN AFTERSKIN ALPHA ARBUTIN BRIGHTENING SOAP,https://www.tokopedia.com/ultraglowing/sabun-aftermyskin-sabun-afterskin-alpha-arbutin-brightening-soap-1731814871248700517?extParam=ivf%3Dfalse%26keyword%3Dbody+care%26search_id%3D20260212104412577BCC914F9E55036POQ%26src%3Dsearch,perawatan-tubuh/perlengkapan-mandi/sabun-mandi,42500,,0,https://p19-images-sign-sg.tokopedia-static.net/tos-alisg-i-aphluv4xwc-sg/359f37efea3047588ca91197ce203fd4~tplv-aphluv4xwc-white-pad-v1:200:200.jpeg?lk3s=97278606&x-expires=1770896653&x-signature=3Y7ROhWADxrj5I7nmqVo%2FZ5J%2FDs%3D&x-signature-webp=r3RcR1hEW%2BEjFSCe1lJaQElhP4A%3D,https://p19-images-sign-sg.tokopedia-static.net/tos-alisg-i-aphluv4xwc-sg/359f37efea3047588ca91197ce203fd4~tplv-aphluv4xwc-white-pad-v1:200:200.jpeg?lk3s=97278606&x-expires=1770896653&x-signature=3Y7ROhWADxrj5I7nmqVo%2FZ5J%2FDs%3D&x-signature-webp=r3RcR1hEW%2BEjFSCe1lJaQElhP4A%3D,4.8,7495157248338135141,ULTRAGLOWING,https://www.tokopedia.com/ultraglowing,Kab. Boyolali,3,5000,False,"[{""position"": ""ri_product_credibility"", ""title"": ""5rb+ terjual"", ""type"": """", ""url"": """", ""styles"": [], ""__typename"": ""SearchProductV5LabelGroups""}, {""position"": ""ri_product_offer"", ""title"": ""Bisa COD"", ""type"": """", ""url"": """", ""styles"": [{""key"": ""text-color"", ""value"": ""#FF7F17"", ""__typename"": ""SearchProductV5LabelGroupsStyle""}], ""__typename"": ""SearchProductV5LabelGroups""}, {""position"": ""final_price"", ""title"": ""Rp42.500"", ""type"": """", ""url"": """", ""styles"": [{""key"": ""text-color"", ""value"": ""#080808"", ""__typename"": ""SearchProductV5LabelGroupsStyle""}], ""__typename"": ""SearchProductV5LabelGroups""}, {""position"": ""ri_product_offer_v2"", ""title"": ""Bisa COD"", ""type"": """", ""url"": """", ""styles"": [{""key"": ""outline-color"", ""value"": ""#DFE2EA"", ""__typename"": ""SearchProductV5LabelGroupsStyle""}, {""key"": ""text-color"", ""value"": ""#656C7B"", ""__typename"": ""SearchProductV5LabelGroupsStyle""}], ""__typename"": ""SearchProductV5LabelGroups""}]",5rb+ terjual | Bisa COD | Rp42.500 | Bisa COD,505,196,200,refreshed,output\bodyCare_enriched_images\100690227906.jpg
102711890704,[ISI 3] PAKET PEMUTIH BADAN ISI SABUN NALPAMARA + BODY SERUM GLUTA HYA PURBASARI + LULUR PENGANTIN PURBASARI 500gr,https://www.tokopedia.com/ultraglowing/isi-3-paket-pemutih-badan-isi-sabun-nalpamara-body-serum-gluta-hya-purbasari-lulur-pengantin-purbasari-500gr-1733658400647644261?extParam=ivf%3Dfalse%26keyword%3Dbody+care%26search_id%3D20260212104412577BCC914F9E55036POQ%26src%3Dsearch,perawatan-tubuh/perawatan-kulit/pemutih-tubuh-ketiak,75000,,0,https://p16-images-sign-sg.tokopedia-static.net/tos-alisg-i-aphluv4xwc-sg/a281d3028fdc4999af294c88cea46132~tplv-aphluv4xwc-white-pad-v1:200:200.jpeg?lk3s=97278606&x-expires=1770896653&x-signature=WxiU5eUOAeogIBF%2FA%2FVK9KHDzu0%3D&x-signature-webp=YKpUq0z2hhWe%2BKcjHgE20F4u5TQ%3D,https://p16-images-sign-sg.tokopedia-static.net/tos-alisg-i-aphluv4xwc-sg/a281d3028fdc4999af294c88cea46132~tplv-aphluv4xwc-white-pad-v1:200:200.jpeg?lk3s=97278606&x-expires=1770896653&x-signature=WxiU5eUOAeogIBF%2FA%2FVK9KHDzu0%3D&x-signature-webp=YKpUq0z2hhWe%2BKcjHgE20F4u5TQ%3D,4.9,7495157248338135141,ULTRAGLOWING,https://www.tokopedia.com/ultraglowing,Kab. Boyolali,3,250,False,"[{""position"": ""ri_product_credibility"", ""title"": ""250+ terjual"", ""type"": """", ""url"": """", ""styles"": [], ""__typename"": ""SearchProductV5LabelGroups""}, {""position"": ""ri_product_offer"", ""title"": ""Bisa COD"", ""type"": """", ""url"": """", ""styles"": [{""key"": ""text-color"", ""value"": ""#FF7F17"", ""__typename"": ""SearchProductV5LabelGroupsStyle""}], ""__typename"": ""SearchProductV5LabelGroups""}, {""position"": ""final_price"", ""title"": ""Rp75.000"", ""type"": """", ""url"": """", ""styles"": [{""key"": ""text-color"", ""value"": ""#080808"", ""__typename"": ""SearchProductV5LabelGroupsStyle""}], ""__typename"": ""SearchProductV5LabelGroups""}, {""position"": ""ri_product_offer_v2"", ""title"": ""Bisa COD"", ""type"": """", ""url"": """", ""styles"": [{""key"": ""outline-color"", ""value"": ""#DFE2EA"", ""__typename"": ""SearchProductV5LabelGroupsStyle""}, {""key"": ""text-color"", ""value"": ""#656C7B"", ""__typename"": ""SearchProductV5LabelGroupsStyle""}], ""__typename"": ""SearchProductV5LabelGroups""}]",250+ terjual | Bisa COD | Rp75.000 | Bisa COD,32,31,200,refreshed,output\bodyCare_enriched_images\102711890704.jpg
102026884026,"(PAKET HEMAT ISI 2) NIVEA Body Serum Extra Bright Care & Protect SPF 15 180ml - Hand body serum lotion moisturizer mencerahkan kulit kusam badan glowing brightening tone up melembabkan kering SPF UV matahari - 95% Vitamin C, Grapeseed Oil, 8 Super food",https://www.tokopedia.com/nivea-official-store/paket-hemat-isi-2-nivea-body-serum-extra-bright-care-protect-spf-15-180ml-hand-body-serum-lotion-moisturizer-mencerahkan-kulit-kusam-badan-glowing-brightening-tone-up-melembabkan-kering-spf-uv-matahari-95-vitamin-c-grapeseed-oil-8-super-food-1732092461768083200?extParam=ivf%3Dfalse%26keyword%3Dbody+care%26search_id%3D20260212104412577BCC914F9E55036POQ%26src%3Dsearch%26whid%3D26345,perawatan-tubuh/perawatan-kulit/body-lotion,52315,Rp65.455,0,https://p16-images-sign-sg.tokopedia-static.net/tos-alisg-i-aphluv4xwc-sg/59631db1be564674b8f65e500deb6d0f~tplv-aphluv4xwc-white-pad-v1:200:200.jpeg?lk3s=97278606&x-expires=1770896653&x-signature=kFr62aOWR0m1kNUaxg6bZEjp8bk%3D&x-signature-webp=h4b37%2F87z8iRgALvbuqfWHRyUgM%3D,https://p16-images-sign-sg.tokopedia-static.net/tos-alisg-i-aphluv4xwc-sg/59631db1be564674b8f65e500deb6d0f~tplv-aphluv4xwc-white-pad-v1:200:200.jpeg?lk3s=97278606&x-expires=1770896653&x-signature=kFr62aOWR0m1kNUaxg6bZEjp8bk%3D&x-signature-webp=h4b37%2F87z8iRgALvbuqfWHRyUgM%3D,5.0,5222533,NIVEA Official Store,https://www.tokopedia.com/nivea-official-store,Bekasi,2,10000,False,"[{""position"": ""ri_product_credibility"", ""title"": ""10rb+ terjual"", ""type"": """", ""url"": """", ""styles"": [], ""__typename"": ""SearchProductV5LabelGroups""}, {""position"": ""ri_product_offer"", ""title"": ""Hemat s.d  1% Pakai Bonus"", ""type"": """", ""url"": """", ""styles"": [{""key"": ""text-color"", ""value"": ""#FF7F17"", ""__typename"": ""SearchProductV5LabelGroupsStyle""}], ""__typename"": ""SearchProductV5LabelGroups""}, {""position"": ""ri_ribbon"", ""title"": ""20%"", ""type"": """", ""url"": """", ""styles"": [{""key"": ""background-color"", ""value"": ""#E02954"", ""__typename"": ""SearchProductV5LabelGroupsStyle""}, {""key"": ""text-color"", ""value"": ""#FFFFFF"", ""__typename"": ""SearchProductV5LabelGroupsStyle""}], ""__typename"": ""SearchProductV5LabelGroups""}, {""position"": ""final_price"", ""title"": ""Rp52.315"", ""type"": """", ""url"": """", ""styles"": [{""key"": ""text-color"", ""value"": ""#D70C4B"", ""__typename"": ""SearchProductV5LabelGroupsStyle""}], ""__typename"": ""SearchProductV5LabelGroups""}, {""position"": ""ri_product_offer_v2"", ""title"": ""Hemat s.d  1% Pakai Bonus"", ""type"": """", ""url"": """", ""styles"": [{""key"": ""outline-color"", ""value"": ""#FFD9A8"", ""__typename"": ""SearchProductV5LabelGroupsStyle""}, {""key"": ""text-color"", ""value"": ""#FF7F17"", ""__typename"": ""SearchProductV5LabelGroupsStyle""}], ""__typename"": ""SearchProductV5LabelGroups""}, {""position"": ""ri_product_offer_v2"", ""title"": ""+Hadiah Gratis"", ""type"": """", ""url"": """", ""styles"": [{""key"": ""outline-color"", ""value"": ""#FFC1C5"", ""__typename"": ""SearchProductV5LabelGroupsStyle""}, {""key"": ""text-color"", ""value"": ""#D70C4B"", ""__typename"": ""SearchProductV5LabelGroupsStyle""}], ""__typename"": ""SearchProductV5LabelGroups""}]",10rb+ terjual | Hemat s.d  1% Pakai Bonus | 20% | Rp52.315 | Hemat s.d  1% Pakai Bonus | +Hadiah Gratis,15065,2935,200,,
100265349154,[ARTHA LDT+] EXCLUSIVE CAHYA - SPESIAL LAUNCHING NEW BORN NEXT GENERATION-PAKET BODYCARE (Pink Moistureday Lotion + butter + pinkish essence + collaviol moon lotion) FREE POUCH,https://www.tokopedia.com/arthaldtoffice/artha-ldt-exclusive-cahya-spesial-launching-new-born-next-generation-paket-bodycare-pink-moistureday-lotion-butter-pinkish-essence-collaviol-moon-lotion-free-pouch-1730827255468754450?extParam=ivf%3Dfalse%26keyword%3Dbody+care%26search_id%3D20260212104412577BCC914F9E55036POQ%26src%3Dsearch,perawatan-tubuh/perawatan-kulit/body-lotion,71091,Rp400.000,0,https://p16-images-sign-sg.tokopedia-static.net/tos-alisg-i-aphluv4xwc-sg/2cb51d070d0f4d3f9f55c242c3d910f2~tplv-aphluv4xwc-white-pad-v1:200:200.jpeg?lk3s=97278606&x-expires=1770896653&x-signature=wTRtt%2BUNh8tLfLoKaBpt3efSTGY%3D&x-signature-webp=phYxvcJTZMLaPXNLCqH2sMHfwR4%3D,https://p16-images-sign-sg.tokopedia-static.net/tos-alisg-i-aphluv4xwc-sg/2cb51d070d0f4d3f9f55c242c3d910f2~tplv-aphluv4xwc-white-pad-v1:200:200.jpeg?lk3s=97278606&x-expires=1770896653&x-signature=wTRtt%2BUNh8tLfLoKaBpt3efSTGY%3D&x-signature-webp=phYxvcJTZMLaPXNLCqH2sMHfwR4%3D,4.8,16490194,Arthaldtoffice,https://www.tokopedia.com/arthaldtoffice,Kab. Situbondo,2,50000,False,"[{""position"": ""ri_product_credibility"", ""title"": ""50rb+ terjual"", ""type"": """", ""url"": """", ""styles"": [], ""__typename"": ""SearchProductV5LabelGroups""}, {""position"": ""nett_price"", ""title"": ""Rp71.091"", ""type"": """", ""url"": ""https://p16-images-comn-sg.tokopedia-static.net/tos-alisg-i-zr7vqa5nfb-sg/img/ic_promo-discount.png~tplv-zr7vqa5nfb-image.image"", ""styles"": [{""key"": ""background-color"", ""value"": ""#FFF5F6"", ""__typename"": ""SearchProductV5LabelGroupsStyle""}, {""key"": ""background-opacity"", ""value"": ""1"", ""__typename"": ""SearchProductV5LabelGroupsStyle""}, {""key"": ""outline-color"", ""value"": ""#FFB2C2"", ""__typename"": ""SearchProductV5LabelGroupsStyle""}, {""key"": ""text-color"", ""value"": ""#F94D63"", ""__typename"": ""SearchProductV5LabelGroupsStyle""}], ""__typename"": ""SearchProductV5LabelGroups""}, {""position"": ""overlay_1"", ""title"": ""Campaign"", ""type"": """", ""url"": ""https://p16-uploadpedia-sg.tokopedia-static.net/tos-alisg-i-zxty12jeln-sg/8caaede0c21c7e3be9a1b4e8d550acce.png~tplv-zxty12jeln-image.image"", ""styles"": [], ""__typename"": ""SearchProductV5LabelGroups""}, {""position"": ""overlay_3"", ""title"": ""Beli Lokal"", ""type"": """", ""url"": ""https://images.tokopedia.net/img/vMWOpN/2025/10/16/1e33b6b7-d4bb-4aed-a1af-ebb46043c369.png"", ""styles"": [], ""__typename"": ""SearchProductV5LabelGroups""}, {""position"": ""ri_product_offer"", ""title"": ""Hemat s.d  1% Pakai Bonus"", ""type"": """", ""url"": """", ""styles"": [{""key"": ""text-color"", ""value"": ""#FF7F17"", ""__typename"": ""SearchProductV5LabelGroupsStyle""}], ""__typename"": ""SearchProductV5LabelGroups""}, {""position"": ""ri_ribbon"", ""title"": ""82%"", ""type"": """", ""url"": """", ""styles"": [{""key"": ""background-color"", ""value"": ""#E02954"", ""__typename"": ""SearchProductV5LabelGroupsStyle""}, {""key"": ""text-color"", ""value"": ""#FFFFFF"", ""__typename"": ""SearchProductV5LabelGroupsStyle""}], ""__typename"": ""SearchProductV5LabelGroups""}, {""position"": ""promotion_label"", ""title"": ""Harga Diskon"", ""type"": """", ""url"": ""https://p16-images-comn-sg.tokopedia-static.net/tos-alisg-i-zr7vqa5nfb-sg/img/promo/icon/discount-ic-2.png~tplv-zr7vqa5nfb-image.image"", ""styles"": [{""key"": ""background-color"", ""value"": ""#FEECEF"", ""__typename"": ""SearchProductV5LabelGroupsStyle""}, {""key"": ""outline-color"", ""value"": ""#FFC1C5"", ""__typename"": ""SearchProductV5LabelGroupsStyle""}, {""key"": ""text-color"", ""value"": ""#D70C4B"", ""__typename"": ""SearchProductV5LabelGroupsStyle""}], ""__typename"": ""SearchProductV5LabelGroups""}, {""position"": ""final_price"", ""title"": ""Rp71.091"", ""type"": """", ""url"": """", ""styles"": [{""key"": ""text-color"", ""value"": ""#D70C4B"", ""__typename"": ""SearchProductV5LabelGroupsStyle""}], ""__typename"": ""SearchProductV5LabelGroups""}, {""position"": ""ri_product_offer_v2"", ""title"": ""Hemat s.d  1% Pakai Bonus"", ""type"": """", ""url"": """", ""styles"": [{""key"": ""outline-color"", ""value"": ""#FFD9A8"", ""__typename"": ""SearchProductV5LabelGroupsStyle""}, {""key"": ""text-color"", ""value"": ""#FF7F17"", ""__typename"": ""SearchProductV5LabelGroupsStyle""}], ""__typename"": ""SearchProductV5LabelGroups""}, {""position"": ""ri_product_offer_v2"", ""title"": ""Bisa COD"", ""type"": """", ""url"": """", ""styles"": [{""key"": ""outline-color"", ""value"": ""#DFE2EA"", ""__typename"": ""SearchProductV5LabelGroupsStyle""}, {""key"": ""text-color"", ""value"": ""#656C7B"", ""__typename"": ""SearchProductV5LabelGroupsStyle""}], ""__typename"": ""SearchProductV5LabelGroups""}]",50rb+ terjual | Rp71.091 | Campaign | Beli Lokal | Hemat s.d  1% Pakai Bonus | 82% | Harga Diskon | Rp71.091 | Hemat s.d  1% Pakai Bonus | Bisa COD,10524,4305,200,refreshed,output\bodyCare_enriched_images\100265349154.jpg
100279656002,Vaseline Healthy Bright HAND BODY LOTION UV Extra Bright with Sunscreens&Niacinamide 400ml,https://www.tokopedia.com/vaseline-indonesia/vaseline-healthy-bright-hand-body-lotion-uv-extra-bright-with-sunscreens-niacinamide-400ml-1729448163014773256?extParam=ivf%3Dfalse%26keyword%3Dbody+care%26search_id%3D20260212104412577BCC914F9E55036POQ%26src%3Dsearch%26whid%3D18691594,perawatan-tubuh/perawatan-kulit/body-lotion,58600,,0,https://p19-images-sign-sg.tokopedia-static.net/tos-alisg-i-aphluv4xwc-sg/73e649bc803842a4b9c3eb7f4f0cb404~tplv-aphluv4xwc-white-pad-v1:200:200.jpeg?lk3s=97278606&x-expires=1770896653&x-signature=0Aqz%2Fk13x74FVw6xKYDZxGBPWF8%3D&x-signature-webp=s0fMUwW6kHe1GJKKtPDnW49gdzc%3D,https://p19-images-sign-sg.tokopedia-static.net/tos-alisg-i-aphluv4xwc-sg/73e649bc803842a4b9c3eb7f4f0cb404~tplv-aphluv4xwc-white-pad-v1:200:200.jpeg?lk3s=97278606&x-expires=1770896653&x-signature=0Aqz%2Fk13x74FVw6xKYDZxGBPWF8%3D&x-signature-webp=s0fMUwW6kHe1GJKKtPDnW49gdzc%3D,4.9,7494687833781864968,Vaseline Indonesia,https://www.tokopedia.com/vaseline-indonesia,Tangerang,2,10000,False,"[{""position"": ""ri_product_credibility"", ""title"": ""10rb+ terjual"", ""type"": """", ""url"": """", ""styles"": [], ""__typename"": ""SearchProductV5LabelGroups""}, {""position"": ""overlay_1"", ""title"": ""Campaign"", ""type"": """", ""url"": ""https://p16-uploadpedia-sg.tokopedia-static.net/tos-alisg-i-zxty12jeln-sg/8caaede0c21c7e3be9a1b4e8d550acce.png~tplv-zxty12jeln-image.image"", ""styles"": [], ""__typename"": ""SearchProductV5LabelGroups""}, {""position"": ""ri_product_offer"", ""title"": ""Hemat s.d  1% Pakai Bonus"", ""type"": """", ""url"": """", ""styles"": [{""key"": ""text-color"", ""value"": ""#FF7F17"", ""__typename"": ""SearchProductV5LabelGroupsStyle""}], ""__typename"": ""SearchProductV5LabelGroups""}, {""position"": ""final_price"", ""title"": ""Rp58.600"", ""type"": """", ""url"": """", ""styles"": [{""key"": ""text-color"", ""value"": ""#080808"", ""__typename"": ""SearchProductV5LabelGroupsStyle""}], ""__typename"": ""SearchProductV5LabelGroups""}, {""position"": ""ri_product_offer_v2"", ""title"": ""Hemat s.d  1% Pakai Bonus"", ""type"": """", ""url"": """", ""styles"": [{""key"": ""outline-color"", ""value"": ""#FFD9A8"", ""__typename"": ""SearchProductV5LabelGroupsStyle""}, {""key"": ""text-color"", ""value"": ""#FF7F17"", ""__typename"": ""SearchProductV5LabelGroupsStyle""}], ""__typename"": ""SearchProductV5LabelGroups""}, {""position"": ""ri_product_offer_v2"", ""title"": ""+2 lain, disc 3%"", ""type"": """", ""url"": """", ""styles"": [{""key"": ""outline-color"", ""value"": ""#FFC1C5"", ""__typename"": ""SearchProductV5LabelGroupsStyle""}, {""key"": ""text-color"", ""value"": ""#D70C4B"", ""__typename"": ""SearchProductV5LabelGroupsStyle""}], ""__typename"": ""SearchProductV5LabelGroups""}]","10rb+ terjual | Campaign | Hemat s.d  1% Pakai Bonus | Rp58.600 | Hemat s.d  1% Pakai Bonus | +2 lain, disc 3%",2277,352,200,refreshed,output\bodyCare_enriched_images\100279656002.jpg
100268446413,"SCARLETT Fragrance Brightening Body Lotion Bright Mood Booster 300ml +4 Essential Oils 3X  Brightening Power | Solusi Untuk Kulit Kering | Menenangkan, Mencerahkan Kulit, Wangi Tahan Seharian",https://www.tokopedia.com/scarlettwhite/scarlett-fragrance-brightening-body-lotion-bright-mood-booster-300ml-4-essential-oils-3x-brightening-power-solusi-untuk-kulit-kering-menenangkan-mencerahkan-kulit-wangi-tahan-seharian-1729657922425095544?extParam=ivf%3Dtrue%26keyword%3Dbody+care%26search_id%3D20260212104412577BCC914F9E55036POQ%26src%3Dsearch,perawatan-tubuh/perawatan-kulit/body-lotion,59000,Rp79.500,0,https://p16-images-sign-sg.tokopedia-static.net/tos-alisg-i-aphluv4xwc-sg/9819bd32967441fe904c72cd68a03387~tplv-aphluv4xwc-white-pad-v1:200:200.jpeg?lk3s=97278606&x-expires=1770896653&x-signature=qN2eqOLeqDGfpOBTG1y72RaW0t8%3D&x-signature-webp=4NYomtMHbe%2BgHHB%2Br03nUKFS6Yg%3D,https://p16-images-sign-sg.tokopedia-static.net/tos-alisg-i-aphluv4xwc-sg/9819bd32967441fe904c72cd68a03387~tplv-aphluv4xwc-white-pad-v1:200:200.jpeg?lk3s=97278606&x-expires=1770896653&x-signature=qN2eqOLeqDGfpOBTG1y72RaW0t8%3D&x-signature-webp=4NYomtMHbe%2BgHHB%2Br03nUKFS6Yg%3D,4.9,2625052,Scarlett Whitening,https://www.tokopedia.com/scarlettwhite,Jakarta Utara,2,100000,False,"[{""position"": ""ri_product_credibility"", ""title"": ""100rb+ terjual"", ""type"": """", ""url"": """", ""styles"": [], ""__typename"": ""SearchProductV5LabelGroups""}, {""position"": ""ri_product_offer"", ""title"": ""Hemat s.d  1% Pakai Bonus"", ""type"": """", ""url"": """", ""styles"": [{""key"": ""text-color"", ""value"": ""#FF7F17"", ""__typename"": ""SearchProductV5LabelGroupsStyle""}], ""__typename"": ""SearchProductV5LabelGroups""}, {""position"": ""ri_ribbon"", ""title"": ""26%"", ""type"": """", ""url"": """", ""styles"": [{""key"": ""background-color"", ""value"": ""#E02954"", ""__typename"": ""SearchProductV5LabelGroupsStyle""}, {""key"": ""text-color"", ""value"": ""#FFFFFF"", ""__typename"": ""SearchProductV5LabelGroupsStyle""}], ""__typename"": ""SearchProductV5LabelGroups""}, {""position"": ""final_price"", ""title"": ""Rp59.000"", ""type"": """", ""url"": """", ""styles"": [{""key"": ""text-color"", ""value"": ""#D70C4B"", ""__typename"": ""SearchProductV5LabelGroupsStyle""}], ""__typename"": ""SearchProductV5LabelGroups""}, {""position"": ""ri_product_offer_v2"", ""title"": ""Hemat s.d  1% Pakai Bonus"", ""type"": """", ""url"": """", ""styles"": [{""key"": ""outline-color"", ""value"": ""#FFD9A8"", ""__typename"": ""SearchProductV5LabelGroupsStyle""}, {""key"": ""text-color"", ""value"": ""#FF7F17"", ""__typename"": ""SearchProductV5LabelGroupsStyle""}], ""__typename"": ""SearchProductV5LabelGroups""}, {""position"": ""ri_product_offer_v2"", ""title"": ""Bisa COD"", ""type"": """", ""url"": """", ""styles"": [{""key"": ""outline-color"", ""value"": ""#DFE2EA"", ""__typename"": ""SearchProductV5LabelGroupsStyle""}, {""key"": ""text-color"", ""value"": ""#656C7B"", ""__typename"": ""SearchProductV5LabelGroupsStyle""}], ""__typename"": ""SearchProductV5LabelGroups""}]",100rb+ terjual | Hemat s.d  1% Pakai Bonus | 26% | Rp59.000 | Hemat s.d  1% Pakai Bonus | Bisa COD,35076,9915,200,refreshed,output\bodyCare_enriched_images\100268446413.jpg
102452113157,[Tone Up 00 - 01 - 02] Lavojoy Let It Glow Daily Shine Body Serum Instant Tone Up Delicate Rose with SPF 20PA++++ | Body Serum untuk Mencerahkan Lotion Leher,https://www.tokopedia.com/lovie-dovey/tone-up-00-01-02-lavojoy-let-it-glow-daily-shine-body-serum-instant-tone-up-delicate-rose-with-spf-20pa-body-serum-untuk-mencerahkan-lotion-leher-1732935428217734275?extParam=ivf%3Dfalse%26keyword%3Dbody+care%26search_id%3D20260212104412577BCC914F9E55036POQ%26src%3Dsearch,perawatan-tubuh/perawatan-kulit/body-lotion,56720,Rp129.000,0,https://p19-images-sign-sg.tokopedia-static.net/tos-alisg-i-aphluv4xwc-sg/13cd68a5737444b0baec63e80a3f1abc~tplv-aphluv4xwc-white-pad-v1:200:200.jpeg?lk3s=97278606&x-expires=1770896653&x-signature=URy3ONWx0IMEVyMddl8EgnaJJVY%3D&x-signature-webp=KkitnyoIB9qXNCIWT2RPF%2FN2wj0%3D,https://p19-images-sign-sg.tokopedia-static.net/tos-alisg-i-aphluv4xwc-sg/13cd68a5737444b0baec63e80a3f1abc~tplv-aphluv4xwc-white-pad-v1:200:200.jpeg?lk3s=97278606&x-expires=1770896653&x-signature=URy3ONWx0IMEVyMddl8EgnaJJVY%3D&x-signature-webp=KkitnyoIB9qXNCIWT2RPF%2FN2wj0%3D,4.8,7496284051811240067,LOVIE DOVEY,https://www.tokopedia.com/lovie-dovey,Surabaya,3,9000,False,"[{""position"": ""ri_product_credibility"", ""title"": ""9rb+ terjual"", ""type"": """", ""url"": """", ""styles"": [], ""__typename"": ""SearchProductV5LabelGroups""}, {""position"": ""ri_product_offer"", ""title"": ""Bisa COD"", ""type"": """", ""url"": """", ""styles"": [{""key"": ""text-color"", ""value"": ""#FF7F17"", ""__typename"": ""SearchProductV5LabelGroupsStyle""}], ""__typename"": ""SearchProductV5LabelGroups""}, {""position"": ""ri_ribbon"", ""title"": ""56%"", ""type"": """", ""url"": """", ""styles"": [{""key"": ""background-color"", ""value"": ""#E02954"", ""__typename"": ""SearchProductV5LabelGroupsStyle""}, {""key"": ""text-color"", ""value"": ""#FFFFFF"", ""__typename"": ""SearchProductV5LabelGroupsStyle""}], ""__typename"": ""SearchProductV5LabelGroups""}, {""position"": ""final_price"", ""title"": ""Rp56.720"", ""type"": """", ""url"": """", ""styles"": [{""key"": ""text-color"", ""value"": ""#D70C4B"", ""__typename"": ""SearchProductV5LabelGroupsStyle""}], ""__typename"": ""SearchProductV5LabelGroups""}, {""position"": ""ri_product_offer_v2"", ""title"": ""Bisa COD"", ""type"": """", ""url"": """", ""styles"": [{""key"": ""outline-color"", ""value"": ""#DFE2EA"", ""__typename"": ""SearchProductV5LabelGroupsStyle""}, {""key"": ""text-color"", ""value"": ""#656C7B"", ""__typename"": ""SearchProductV5LabelGroupsStyle""}], ""__typename"": ""SearchProductV5LabelGroups""}]",9rb+ terjual | Bisa COD | 56% | Rp56.720 | Bisa COD,783,298,200,refreshed,output\bodyCare_enriched_images\102452113157.jpg
102100331060,[ISI 4] Paket Cerah Maximal Purbasari Lulur Mandi Pengantin 500gr | Body Serum 180 | Lulur Mandi Scrub 100gr | Hand & Body Lotion Habbatussauda 200ml Tubuh Pencerah,https://www.tokopedia.com/bagong-grosir-solo/isi-4-paket-cerah-maximal-purbasari-lulur-mandi-pengantin-500gr-body-serum-180-lulur-mandi-scrub-100gr-hand-body-lotion-habbatussauda-200ml-tubuh-pencerah-1732209519223408105?extParam=ivf%3Dfalse%26keyword%3Dbody+care%26search_id%3D20260212104412577BCC914F9E55036POQ%26src%3Dsearch,perawatan-tubuh/perawatan-kulit/body-scrub,77900,Rp84.999,0,https://p16-images-sign-sg.tokopedia-static.net/tos-alisg-i-aphluv4xwc-sg/d44dca355e1a429da3d476c9a964fd0e~tplv-aphluv4xwc-white-pad-v1:200:200.jpeg?lk3s=97278606&x-expires=1770896653&x-signature=tWS%2B%2B2Iw9gTmKuktZNbTArQy4T8%3D&x-signature-webp=Vux0powsif5R1Xp7HNlNF0SzRfw%3D,https://p16-images-sign-sg.tokopedia-static.net/tos-alisg-i-aphluv4xwc-sg/d44dca355e1a429da3d476c9a964fd0e~tplv-aphluv4xwc-white-pad-v1:200:200.jpeg?lk3s=97278606&x-expires=1770896653&x-signature=tWS%2B%2B2Iw9gTmKuktZNbTArQy4T8%3D&x-signature-webp=Vux0powsif5R1Xp7HNlNF0SzRfw%3D,4.8,7496310195292965353,BAGONG GROSIR SOLO,https://www.tokopedia.com/bagong-grosir-solo,Kab. Sragen,3,6000,False,"[{""position"": ""ri_product_credibility"", ""title"": ""6rb+ terjual"", ""type"": """", ""url"": """", ""styles"": [], ""__typename"": ""SearchProductV5LabelGroups""}, {""position"": ""ri_product_offer"", ""title"": ""Bisa COD"", ""type"": """", ""url"": """", ""styles"": [{""key"": ""text-color"", ""value"": ""#FF7F17"", ""__typename"": ""SearchProductV5LabelGroupsStyle""}], ""__typename"": ""SearchProductV5LabelGroups""}, {""position"": ""final_price"", ""title"": ""Rp77.900"", ""type"": """", ""url"": """", ""styles"": [{""key"": ""text-color"", ""value"": ""#D70C4B"", ""__typename"": ""SearchProductV5LabelGroupsStyle""}], ""__typename"": ""SearchProductV5LabelGroups""}, {""position"": ""ri_product_offer_v2"", ""title"": ""Bisa COD"", ""type"": """", ""url"": """", ""styles"": [{""key"": ""outline-color"", ""value"": ""#DFE2EA"", ""__typename"": ""SearchProductV5LabelGroupsStyle""}, {""key"": ""text-color"", ""value"": ""#656C7B"", ""__typename"": ""SearchProductV5LabelGroupsStyle""}], ""__typename"": ""SearchProductV5LabelGroups""}]",6rb+ terjual | Bisa COD | Rp77.900 | Bisa COD,990,408,200,refreshed,output\bodyCare_enriched_images\102100331060.jpg
100256981350,[Tone Up Shade 00 - 01 - 02] Lavojoy Let It Glow Daily Shine Body Serum Instant Tone Up Delicate Rose with SPF 50 PA++++ | Body Serum untuk Perlindungan Sinar UV | Mencerahkan & Melembabkan Kulit dengan Niacinamide + Australian Super VC+ Ceramide,https://www.tokopedia.com/lavojoy/tone-up-shade-00-01-02-lavojoy-let-it-glow-daily-shine-body-serum-instant-tone-up-delicate-rose-with-spf-50-pa-body-serum-untuk-perlindungan-sinar-uv-mencerahkan-melembabkan-kulit-dengan-niacinamide-australian-super-vc-ceramide-1731039998744233430?extParam=ivf%3Dtrue%26keyword%3Dbody+care%26search_id%3D20260212104412577BCC914F9E55036POQ%26src%3Dsearch,perawatan-tubuh/perawatan-kulit/sunblock-badan,70900,Rp98.600,0,https://p16-images-sign-sg.tokopedia-static.net/tos-alisg-i-aphluv4xwc-sg/8a30eb0b23f84e8bb624156425ce778f~tplv-aphluv4xwc-white-pad-v1:200:200.jpeg?lk3s=97278606&x-expires=1770896653&x-signature=6f2%2Byz6%2FHZ6TddehQfjca0t%2BlT4%3D&x-signature-webp=pfxx4X1npaMV5qqPTWBeYQMdpdo%3D,https://p16-images-sign-sg.tokopedia-static.net/tos-alisg-i-aphluv4xwc-sg/8a30eb0b23f84e8bb624156425ce778f~tplv-aphluv4xwc-white-pad-v1:200:200.jpeg?lk3s=97278606&x-expires=1770896653&x-signature=6f2%2Byz6%2FHZ6TddehQfjca0t%2BlT4%3D&x-signature-webp=pfxx4X1npaMV5qqPTWBeYQMdpdo%3D,4.8,13925121,lavojoy.id,https://www.tokopedia.com/lavojoy,Jakarta Utara,2,100000,False,"[{""position"": ""ri_product_credibility"", ""title"": ""100rb+ terjual"", ""type"": """", ""url"": """", ""styles"": [], ""__typename"": ""SearchProductV5LabelGroups""}, {""position"": ""ri_product_offer"", ""title"": ""Hemat s.d  1% Pakai Bonus"", ""type"": """", ""url"": """", ""styles"": [{""key"": ""text-color"", ""value"": ""#FF7F17"", ""__typename"": ""SearchProductV5LabelGroupsStyle""}], ""__typename"": ""SearchProductV5LabelGroups""}, {""position"": ""ri_ribbon"", ""title"": ""28%"", ""type"": """", ""url"": """", ""styles"": [{""key"": ""background-color"", ""value"": ""#E02954"", ""__typename"": ""SearchProductV5LabelGroupsStyle""}, {""key"": ""text-color"", ""value"": ""#FFFFFF"", ""__typename"": ""SearchProductV5LabelGroupsStyle""}], ""__typename"": ""SearchProductV5LabelGroups""}, {""position"": ""final_price"", ""title"": ""Rp70.900"", ""type"": """", ""url"": """", ""styles"": [{""key"": ""text-color"", ""value"": ""#D70C4B"", ""__typename"": ""SearchProductV5LabelGroupsStyle""}], ""__typename"": ""SearchProductV5LabelGroups""}, {""position"": ""ri_product_offer_v2"", ""title"": ""Hemat s.d  1% Pakai Bonus"", ""type"": """", ""url"": """", ""styles"": [{""key"": ""outline-color"", ""value"": ""#FFD9A8"", ""__typename"": ""SearchProductV5LabelGroupsStyle""}, {""key"": ""text-color"", ""value"": ""#FF7F17"", ""__typename"": ""SearchProductV5LabelGroupsStyle""}], ""__typename"": ""SearchProductV5LabelGroups""}, {""position"": ""ri_product_offer_v2"", ""title"": ""Bisa COD"", ""type"": """", ""url"": """", ""styles"": [{""key"": ""outline-color"", ""value"": ""#DFE2EA"", ""__typename"": ""SearchProductV5LabelGroupsStyle""}, {""key"": ""text-color"", ""value"": ""#656C7B"", ""__typename"": ""SearchProductV5LabelGroupsStyle""}], ""__typename"": ""SearchProductV5LabelGroups""}]",100rb+ terjual | Hemat s.d  1% Pakai Bonus | 28% | Rp70.900 | Hemat s.d  1% Pakai Bonus | Bisa COD,36829,8820,200,refreshed,output\bodyCare_enriched_images\100256981350.jpg
102677622402,[ISI 4] Paket Body Care Combo Cerah Purbasari Lulur Pengantin 500gr | Body Serum 180ml | Hand & Body Lotion Habbatussauda 200ml | Sabun Pyary Nalpamara Handbody Pencerah Tubuh,https://www.tokopedia.com/bagong-grosir-solo/isi-4-paket-body-care-combo-cerah-purbasari-lulur-pengantin-500gr-body-serum-180ml-hand-body-lotion-habbatussauda-200ml-sabun-pyary-nalpamara-handbody-pencerah-tubuh-1733542155273864681?extParam=ivf%3Dfalse%26keyword%3Dbody+care%26search_id%3D20260212104412577BCC914F9E55036POQ%26src%3Dsearch,perawatan-tubuh/perawatan-kulit/body-butter,109000,,0,https://p16-images-sign-sg.tokopedia-static.net/tos-alisg-i-aphluv4xwc-sg/677998e5e2f4410c990bb920fcd2c103~tplv-aphluv4xwc-white-pad-v1:200:200.jpeg?lk3s=97278606&x-expires=1770896653&x-signature=oFJYXeBOaFaZrB49YRdgHBSEJQs%3D&x-signature-webp=vGAM2b1%2BxjH6WXx9l7cjZQlIaGg%3D,https://p16-images-sign-sg.tokopedia-static.net/tos-alisg-i-aphluv4xwc-sg/677998e5e2f4410c990bb920fcd2c103~tplv-aphluv4xwc-white-pad-v1:200:200.jpeg?lk3s=97278606&x-expires=1770896653&x-signature=oFJYXeBOaFaZrB49YRdgHBSEJQs%3D&x-signature-webp=vGAM2b1%2BxjH6WXx9l7cjZQlIaGg%3D,4.9,7496310195292965353,BAGONG GROSIR SOLO,https://www.tokopedia.com/bagong-grosir-solo,Kab. Sragen,3,500,False,"[{""position"": ""ri_product_credibility"", ""title"": ""500+ terjual"", ""type"": """", ""url"": """", ""styles"": [], ""__typename"": ""SearchProductV5LabelGroups""}, {""position"": ""ri_product_offer"", ""title"": ""Bisa COD"", ""type"": """", ""url"": """", ""styles"": [{""key"": ""text-color"", ""value"": ""#FF7F17"", ""__typename"": ""SearchProductV5LabelGroupsStyle""}], ""__typename"": ""SearchProductV5LabelGroups""}, {""position"": ""final_price"", ""title"": ""Rp109.000"", ""type"": """", ""url"": """", ""styles"": [{""key"": ""text-color"", ""value"": ""#080808"", ""__typename"": ""SearchProductV5LabelGroupsStyle""}], ""__typename"": ""SearchProductV5LabelGroups""}, {""position"": ""ri_product_offer_v2"", ""title"": ""Bisa COD"", ""type"": """", ""url"": """", ""styles"": [{""key"": ""outline-color"", ""value"": ""#DFE2EA"", ""__typename"": ""SearchProductV5LabelGroupsStyle""}, {""key"": ""text-color"", ""value"": ""#656C7B"", ""__typename"": ""SearchProductV5LabelGroupsStyle""}], ""__typename"": ""SearchProductV5LabelGroups""}]",500+ terjual | Bisa COD | Rp109.000 | Bisa COD,96,69,200,refreshed,output\bodyCare_enriched_images\102677622402.jpg
100152918197,RRB _ PAKET 6 IN 1 SHINZUI WHITENING - Body Scrub 120GR - Body Lotion 100ML - Glow Spa 130 ml - Body Cleanser 225 ml - Body Cleanser Refill 180ml - Sabun Batang,https://www.tokopedia.com/rrb-olshop/rrb-paket-6-in-1-shinzui-whitening-body-scrub-120gr-body-lotion-100ml-glow-spa-130-ml-body-cleanser-225-ml-body-cleanser-refill-180ml-sabun-batang-1729762203160905532?extParam=ivf%3Dfalse%26keyword%3Dbody+care%26search_id%3D20260212104412577BCC914F9E55036POQ%26src%3Dsearch,perawatan-tubuh/perawatan-kulit/body-butter,51579,Rp52.100,0,https://p16-images-common-sign-sg.tokopedia-static.net/tos-maliva-i-o3syd03w52-us/3a60848a1d474573b111ed150bf9313c~tplv-o3syd03w52-resize-jpeg:200:200.jpeg?lk3s=97278606&x-expires=1770896653&x-signature=hfO7fMykdAnLQ6jLfw2VLQMxAqs%3D&x-signature-webp=Vtn6siiIrar8H%2FVglHe8mrnQ8hM%3D,https://p16-images-common-sign-sg.tokopedia-static.net/tos-maliva-i-o3syd03w52-us/3a60848a1d474573b111ed150bf9313c~tplv-o3syd03w52-resize-jpeg:200:200.jpeg?lk3s=97278606&x-expires=1770896653&x-signature=hfO7fMykdAnLQ6jLfw2VLQMxAqs%3D&x-signature-webp=Vtn6siiIrar8H%2FVglHe8mrnQ8hM%3D,4.8,7494777409270090556,RRB Olshop,https://www.tokopedia.com/rrb-olshop,Kab. Bogor,3,1000,False,"[{""position"": ""ri_product_credibility"", ""title"": ""1rb+ terjual"", ""type"": """", ""url"": """", ""styles"": [], ""__typename"": ""SearchProductV5LabelGroups""}, {""position"": ""ri_product_offer"", ""title"": ""Hemat s.d  1% Pakai Bonus"", ""type"": """", ""url"": """", ""styles"": [{""key"": ""text-color"", ""value"": ""#FF7F17"", ""__typename"": ""SearchProductV5LabelGroupsStyle""}], ""__typename"": ""SearchProductV5LabelGroups""}, {""position"": ""final_price"", ""title"": ""Rp51.579"", ""type"": """", ""url"": """", ""styles"": [{""key"": ""text-color"", ""value"": ""#D70C4B"", ""__typename"": ""SearchProductV5LabelGroupsStyle""}], ""__typename"": ""SearchProductV5LabelGroups""}, {""position"": ""ri_product_offer_v2"", ""title"": ""Hemat s.d  1% Pakai Bonus"", ""type"": """", ""url"": """", ""styles"": [{""key"": ""outline-color"", ""value"": ""#FFD9A8"", ""__typename"": ""SearchProductV5LabelGroupsStyle""}, {""key"": ""text-color"", ""value"": ""#FF7F17"", ""__typename"": ""SearchProductV5LabelGroupsStyle""}], ""__typename"": ""SearchProductV5LabelGroups""}, {""position"": ""ri_product_offer_v2"", ""title"": ""Bisa COD"", ""type"": """", ""url"": """", ""styles"": [{""key"": ""outline-color"", ""value"": ""#DFE2EA"", ""__typename"": ""SearchProductV5LabelGroupsStyle""}, {""key"": ""text-color"", ""value"": ""#656C7B"", ""__typename"": ""SearchProductV5LabelGroupsStyle""}], ""__typename"": ""SearchProductV5LabelGroups""}]",1rb+ terjual | Hemat s.d  1% Pakai Bonus | Rp51.579 | Hemat s.d  1% Pakai Bonus | Bisa COD,162,85,200,refreshed,output\bodyCare_enriched_images\100152918197.jpg
102627227123,[VARIANT] Dove Ice Cream Body Scrub 280G,https://www.tokopedia.com/daily-care-by-unilever/variant-dove-ice-cream-body-scrub-280g-1733388880630809839?extParam=ivf%3Dtrue%26keyword%3Dbody+care%26search_id%3D20260212104412577BCC914F9E55036POQ%26src%3Dsearch%26whid%3D18691608,perawatan-tubuh/perawatan-kulit/body-scrub,115000,Rp166.900,0,https://p19-images-sign-sg.tokopedia-static.net/tos-alisg-i-aphluv4xwc-sg/19d3fcd6ae3644f199306029084b1ea7~tplv-aphluv4xwc-white-pad-v1:200:200.jpeg?lk3s=97278606&x-expires=1770896653&x-signature=5yr%2FVlDxLOctpaRQYNmS1%2Bi0sR4%3D&x-signature-webp=%2FRCXigOLHFLRz5uSGmvjGwFIIsI%3D,https://p19-images-sign-sg.tokopedia-static.net/tos-alisg-i-aphluv4xwc-sg/19d3fcd6ae3644f199306029084b1ea7~tplv-aphluv4xwc-white-pad-v1:200:200.jpeg?lk3s=97278606&x-expires=1770896653&x-signature=5yr%2FVlDxLOctpaRQYNmS1%2Bi0sR4%3D&x-signature-webp=%2FRCXigOLHFLRz5uSGmvjGwFIIsI%3D,4.7,7495181208386570479,Daily Care by Unilever,https://www.tokopedia.com/daily-care-by-unilever,Tangerang,2,10000,False,"[{""position"": ""ri_product_credibility"", ""title"": ""10rb+ terjual"", ""type"": """", ""url"": """", ""styles"": [], ""__typename"": ""SearchProductV5LabelGroups""}, {""position"": ""nett_price"", ""title"": ""Rp115.000"", ""type"": """", ""url"": ""https://p16-images-comn-sg.tokopedia-static.net/tos-alisg-i-zr7vqa5nfb-sg/img/ic_promo-discount.png~tplv-zr7vqa5nfb-image.image"", ""styles"": [{""key"": ""background-color"", ""value"": ""#FFF5F6"", ""__typename"": ""SearchProductV5LabelGroupsStyle""}, {""key"": ""background-opacity"", ""value"": ""1"", ""__typename"": ""SearchProductV5LabelGroupsStyle""}, {""key"": ""outline-color"", ""value"": ""#FFB2C2"", ""__typename"": ""SearchProductV5LabelGroupsStyle""}, {""key"": ""text-color"", ""value"": ""#F94D63"", ""__typename"": ""SearchProductV5LabelGroupsStyle""}], ""__typename"": ""SearchProductV5LabelGroups""}, {""position"": ""overlay_1"", ""title"": ""Campaign"", ""type"": """", ""url"": ""https://p16-uploadpedia-sg.tokopedia-static.net/tos-alisg-i-zxty12jeln-sg/8caaede0c21c7e3be9a1b4e8d550acce.png~tplv-zxty12jeln-image.image"", ""styles"": [], ""__typename"": ""SearchProductV5LabelGroups""}, {""position"": ""ri_product_offer"", ""title"": ""Hemat s.d  1% Pakai Bonus"", ""type"": """", ""url"": """", ""styles"": [{""key"": ""text-color"", ""value"": ""#FF7F17"", ""__typename"": ""SearchProductV5LabelGroupsStyle""}], ""__typename"": ""SearchProductV5LabelGroups""}, {""position"": ""ri_ribbon"", ""title"": ""31%"", ""type"": """", ""url"": """", ""styles"": [{""key"": ""background-color"", ""value"": ""#E02954"", ""__typename"": ""SearchProductV5LabelGroupsStyle""}, {""key"": ""text-color"", ""value"": ""#FFFFFF"", ""__typename"": ""SearchProductV5LabelGroupsStyle""}], ""__typename"": ""SearchProductV5LabelGroups""}, {""position"": ""promotion_label"", ""title"": ""Harga Diskon"", ""type"": """", ""url"": ""https://p16-images-comn-sg.tokopedia-static.net/tos-alisg-i-zr7vqa5nfb-sg/img/promo/icon/discount-ic-2.png~tplv-zr7vqa5nfb-image.image"", ""styles"": [{""key"": ""background-color"", ""value"": ""#FEECEF"", ""__typename"": ""SearchProductV5LabelGroupsStyle""}, {""key"": ""outline-color"", ""value"": ""#FFC1C5"", ""__typename"": ""SearchProductV5LabelGroupsStyle""}, {""key"": ""text-color"", ""value"": ""#D70C4B"", ""__typename"": ""SearchProductV5LabelGroupsStyle""}], ""__typename"": ""SearchProductV5LabelGroups""}, {""position"": ""final_price"", ""title"": ""Rp115.000"", ""type"": """", ""url"": """", ""styles"": [{""key"": ""text-color"", ""value"": ""#D70C4B"", ""__typename"": ""SearchProductV5LabelGroupsStyle""}], ""__typename"": ""SearchProductV5LabelGroups""}, {""position"": ""ri_product_offer_v2"", ""title"": ""Hemat s.d  1% Pakai Bonus"", ""type"": """", ""url"": """", ""styles"": [{""key"": ""outline-color"", ""value"": ""#FFD9A8"", ""__typename"": ""SearchProductV5LabelGroupsStyle""}, {""key"": ""text-color"", ""value"": ""#FF7F17"", ""__typename"": ""SearchProductV5LabelGroupsStyle""}], ""__typename"": ""SearchProductV5LabelGroups""}, {""position"": ""ri_product_offer_v2"", ""title"": ""Bisa COD"", ""type"": """", ""url"": """", ""styles"": [{""key"": ""outline-color"", ""value"": ""#DFE2EA"", ""__typename"": ""SearchProductV5LabelGroupsStyle""}, {""key"": ""text-color"", ""value"": ""#656C7B"", ""__typename"": ""SearchProductV5LabelGroupsStyle""}], ""__typename"": ""SearchProductV5LabelGroups""}]",10rb+ terjual | Rp115.000 | Campaign | Hemat s.d  1% Pakai Bonus | 31% | Harga Diskon | Rp115.000 | Hemat s.d  1% Pakai Bonus | Bisa COD,1722,670,403,,
102854397157,"Grace and Glow Day&Night Body Serum | White-B3 Bright Gel Serum Malam + Brightening Sun Serum SPF 30 PA+++ Siang | Melembapkan, Melindungi, dan Bikin Kulit Cerah&Terawat Sepanjang Hari Arbutin Niacinamide day cream night cream Tangan Tubuh Hitam Pencerah",https://www.tokopedia.com/graceandglowofficial/grace-and-glow-day-night-body-serum-white-b3-bright-gel-serum-malam-brightening-sun-serum-spf-30-pa-siang-melembapkan-melindungi-dan-bikin-kulit-cerah-terawat-sepanjang-hari-arbutin-niacinamide-day-cream-night-cream-tangan-tubuh-hitam-pencerah-1734015928027874572?extParam=ivf%3Dfalse%26keyword%3Dbody+care%26search_id%3D20260212104412577BCC914F9E55036POQ%26src%3Dsearch,perawatan-tubuh/perawatan-kulit/body-lotion,82000,Rp132.000,0,https://p16-images-sign-sg.tokopedia-static.net/tos-alisg-i-aphluv4xwc-sg/6734f7a497254228b44a1e1d365cece5~tplv-aphluv4xwc-white-pad-v1:200:200.jpeg?lk3s=97278606&x-expires=1770896653&x-signature=R56gsJqBiqpfGbiK99jjDdUEiDg%3D&x-signature-webp=k3duTV4wQzCmLyz0uMi%2Bw2w27S4%3D,https://p16-images-sign-sg.tokopedia-static.net/tos-alisg-i-aphluv4xwc-sg/6734f7a497254228b44a1e1d365cece5~tplv-aphluv4xwc-white-pad-v1:200:200.jpeg?lk3s=97278606&x-expires=1770896653&x-signature=R56gsJqBiqpfGbiK99jjDdUEiDg%3D&x-signature-webp=k3duTV4wQzCmLyz0uMi%2Bw2w27S4%3D,4.9,14157922,Grace and Glow Indonesia_NEW,https://www.tokopedia.com/graceandglowofficial,Jakarta Barat,2,100000,False,"[{""position"": ""ri_product_credibility"", ""title"": ""100rb+ terjual"", ""type"": """", ""url"": """", ""styles"": [], ""__typename"": ""SearchProductV5LabelGroups""}, {""position"": ""ri_product_offer"", ""title"": ""Bisa COD"", ""type"": """", ""url"": """", ""styles"": [{""key"": ""text-color"", ""value"": ""#FF7F17"", ""__typename"": ""SearchProductV5LabelGroupsStyle""}], ""__typename"": ""SearchProductV5LabelGroups""}, {""position"": ""ri_ribbon"", ""title"": ""38%"", ""type"": """", ""url"": """", ""styles"": [{""key"": ""background-color"", ""value"": ""#E02954"", ""__typename"": ""SearchProductV5LabelGroupsStyle""}, {""key"": ""text-color"", ""value"": ""#FFFFFF"", ""__typename"": ""SearchProductV5LabelGroupsStyle""}], ""__typename"": ""SearchProductV5LabelGroups""}, {""position"": ""final_price"", ""title"": ""Rp82.000"", ""type"": """", ""url"": """", ""styles"": [{""key"": ""text-color"", ""value"": ""#D70C4B"", ""__typename"": ""SearchProductV5LabelGroupsStyle""}], ""__typename"": ""SearchProductV5LabelGroups""}, {""position"": ""ri_product_offer_v2"", ""title"": ""Bisa COD"", ""type"": """", ""url"": """", ""styles"": [{""key"": ""outline-color"", ""value"": ""#DFE2EA"", ""__typename"": ""SearchProductV5LabelGroupsStyle""}, {""key"": ""text-color"", ""value"": ""#656C7B"", ""__typename"": ""SearchProductV5LabelGroupsStyle""}], ""__typename"": ""SearchProductV5LabelGroups""}]",100rb+ terjual | Bisa COD | 38% | Rp82.000 | Bisa COD,35552,4763,200,refreshed,output\bodyCare_enriched_images\102854397157.jpg
102111372692,[BUNDLING] Skinflair Glutawhite Milky Lotion NEW 150 ml & Glutathione Body Scrub Tone Up Booster 250 ml | Original Produk 100%,https://www.tokopedia.com/skinhelp/bundling-skinflair-glutawhite-milky-lotion-new-150-ml-glutathione-body-scrub-tone-up-booster-250-ml-original-produk-100-1731556253939304195?extParam=ivf%3Dfalse%26keyword%3Dbody+care%26search_id%3D20260212104412577BCC914F9E55036POQ%26src%3Dsearch,perawatan-tubuh/perawatan-kulit/body-lotion,69000,,0,https://p16-images-sign-sg.tokopedia-static.net/tos-alisg-i-aphluv4xwc-sg/45cb666c4dfa40e5a93038247db92fe3~tplv-aphluv4xwc-white-pad-v1:200:200.jpeg?lk3s=97278606&x-expires=1770896653&x-signature=iVxnbvPWLtJFE%2F1eBkb5puhnC9I%3D&x-signature-webp=q5WD1sicfpbr9Kfz0DRTEAFR9Rg%3D,https://p16-images-sign-sg.tokopedia-static.net/tos-alisg-i-aphluv4xwc-sg/45cb666c4dfa40e5a93038247db92fe3~tplv-aphluv4xwc-white-pad-v1:200:200.jpeg?lk3s=97278606&x-expires=1770896653&x-signature=iVxnbvPWLtJFE%2F1eBkb5puhnC9I%3D&x-signature-webp=q5WD1sicfpbr9Kfz0DRTEAFR9Rg%3D,4.8,11020652,Skinhelp id,https://www.tokopedia.com/skinhelp,Surabaya,3,8000,False,"[{""position"": ""ri_product_credibility"", ""title"": ""8rb+ terjual"", ""type"": """", ""url"": """", ""styles"": [], ""__typename"": ""SearchProductV5LabelGroups""}, {""position"": ""ri_product_offer"", ""title"": ""Hemat s.d  1% Pakai Bonus"", ""type"": """", ""url"": """", ""styles"": [{""key"": ""text-color"", ""value"": ""#FF7F17"", ""__typename"": ""SearchProductV5LabelGroupsStyle""}], ""__typename"": ""SearchProductV5LabelGroups""}, {""position"": ""final_price"", ""title"": ""Rp69.000"", ""type"": """", ""url"": """", ""styles"": [{""key"": ""text-color"", ""value"": ""#080808"", ""__typename"": ""SearchProductV5LabelGroupsStyle""}], ""__typename"": ""SearchProductV5LabelGroups""}, {""position"": ""ri_product_offer_v2"", ""title"": ""Hemat s.d  1% Pakai Bonus"", ""type"": """", ""url"": """", ""styles"": [{""key"": ""outline-color"", ""value"": ""#FFD9A8"", ""__typename"": ""SearchProductV5LabelGroupsStyle""}, {""key"": ""text-color"", ""value"": ""#FF7F17"", ""__typename"": ""SearchProductV5LabelGroupsStyle""}], ""__typename"": ""SearchProductV5LabelGroups""}, {""position"": ""ri_product_offer_v2"", ""title"": ""Bisa COD"", ""type"": """", ""url"": """", ""styles"": [{""key"": ""outline-color"", ""value"": ""#DFE2EA"", ""__typename"": ""SearchProductV5LabelGroupsStyle""}, {""key"": ""text-color"", ""value"": ""#656C7B"", ""__typename"": ""SearchProductV5LabelGroupsStyle""}], ""__typename"": ""SearchProductV5LabelGroups""}]",8rb+ terjual | Hemat s.d  1% Pakai Bonus | Rp69.000 | Hemat s.d  1% Pakai Bonus | Bisa COD,902,246,200,refreshed,output\bodyCare_enriched_images\102111372692.jpg
100711013633,[BBD] Herborist Body Lotion 200ml + Body Scrub/Lulur 100gr + Face Scrub 60ml dengan dengan UV Filter Niacinamide Mencerahkan,https://www.tokopedia.com/oemahherborist/bbd-herborist-body-lotion-200ml-body-scrub-lulur-100gr-face-scrub-60ml-dengan-dengan-uv-filter-niacinamide-mencerahkan-1731848926897342308?extParam=ivf%3Dfalse%26keyword%3Dbody+care%26search_id%3D20260212104412577BCC914F9E55036POQ%26src%3Dsearch,perawatan-tubuh/perawatan-kulit/body-lotion,56500,Rp120.000,0,https://p16-images-sign-sg.tokopedia-static.net/tos-alisg-i-aphluv4xwc-sg/5b0651c370554d0188f8f5b903372216~tplv-aphluv4xwc-white-pad-v1:200:200.jpeg?lk3s=97278606&x-expires=1770896653&x-signature=8HuALmO1C1ONjbeUcTxi6SqPEI4%3D&x-signature-webp=KI0FQWfYJrnPlWHZTtUEK6UlKxc%3D,https://p16-images-sign-sg.tokopedia-static.net/tos-alisg-i-aphluv4xwc-sg/5b0651c370554d0188f8f5b903372216~tplv-aphluv4xwc-white-pad-v1:200:200.jpeg?lk3s=97278606&x-expires=1770896653&x-signature=8HuALmO1C1ONjbeUcTxi6SqPEI4%3D&x-signature-webp=KI0FQWfYJrnPlWHZTtUEK6UlKxc%3D,4.8,196729,Herborist Natural Care ID,https://www.tokopedia.com/oemahherborist,Tangerang,2,9000,False,"[{""position"": ""ri_product_credibility"", ""title"": ""9rb+ terjual"", ""type"": """", ""url"": """", ""styles"": [], ""__typename"": ""SearchProductV5LabelGroups""}, {""position"": ""preventive_overlay"", ""title"": ""PreOrder"", ""type"": """", ""url"": """", ""styles"": [{""key"": ""background-color"", ""value"": ""#000000"", ""__typename"": ""SearchProductV5LabelGroupsStyle""}, {""key"": ""background-opacity"", ""value"": ""0.5"", ""__typename"": ""SearchProductV5LabelGroupsStyle""}, {""key"": ""text-color"", ""value"": ""#FFFFFF"", ""__typename"": ""SearchProductV5LabelGroupsStyle""}], ""__typename"": ""SearchProductV5LabelGroups""}, {""position"": ""ri_product_offer"", ""title"": ""Hemat s.d  1% Pakai Bonus"", ""type"": """", ""url"": """", ""styles"": [{""key"": ""text-color"", ""value"": ""#FF7F17"", ""__typename"": ""SearchProductV5LabelGroupsStyle""}], ""__typename"": ""SearchProductV5LabelGroups""}, {""position"": ""ri_ribbon"", ""title"": ""53%"", ""type"": """", ""url"": """", ""styles"": [{""key"": ""background-color"", ""value"": ""#E02954"", ""__typename"": ""SearchProductV5LabelGroupsStyle""}, {""key"": ""text-color"", ""value"": ""#FFFFFF"", ""__typename"": ""SearchProductV5LabelGroupsStyle""}], ""__typename"": ""SearchProductV5LabelGroups""}, {""position"": ""final_price"", ""title"": ""Rp56.500"", ""type"": """", ""url"": """", ""styles"": [{""key"": ""text-color"", ""value"": ""#D70C4B"", ""__typename"": ""SearchProductV5LabelGroupsStyle""}], ""__typename"": ""SearchProductV5LabelGroups""}, {""position"": ""ri_product_offer_v2"", ""title"": ""Hemat s.d  1% Pakai Bonus"", ""type"": """", ""url"": """", ""styles"": [{""key"": ""outline-color"", ""value"": ""#FFD9A8"", ""__typename"": ""SearchProductV5LabelGroupsStyle""}, {""key"": ""text-color"", ""value"": ""#FF7F17"", ""__typename"": ""SearchProductV5LabelGroupsStyle""}], ""__typename"": ""SearchProductV5LabelGroups""}, {""position"": ""ri_product_offer_v2"", ""title"": ""Bisa COD"", ""type"": """", ""url"": """", ""styles"": [{""key"": ""outline-color"", ""value"": ""#DFE2EA"", ""__typename"": ""SearchProductV5LabelGroupsStyle""}, {""key"": ""text-color"", ""value"": ""#656C7B"", ""__typename"": ""SearchProductV5LabelGroupsStyle""}], ""__typename"": ""SearchProductV5LabelGroups""}]",9rb+ terjual | PreOrder | Hemat s.d  1% Pakai Bonus | 53% | Rp56.500 | Hemat s.d  1% Pakai Bonus | Bisa COD,1685,669,200,refreshed,output\bodyCare_enriched_images\100711013633.jpg
100252079792,(PAKET WHITENING BOOSTER ) 1 PCS Whitening Booster UV GLUTA COLLAGEN + 1 PCS Body Gel ALPHA ARBUTIN AFTERMYSKIN,https://www.tokopedia.com/aftermyskin/paket-whitening-booster-1-pcs-whitening-booster-uv-gluta-collagen-1-pcs-body-gel-alpha-arbutin-aftermyskin-1730973387228415444?extParam=ivf%3Dfalse%26keyword%3Dbody+care%26search_id%3D20260212104412577BCC914F9E55036POQ%26src%3Dsearch,perawatan-tubuh/perawatan-kulit/body-lotion,172000,Rp425.000,0,https://p16-images-sign-sg.tokopedia-static.net/tos-alisg-i-aphluv4xwc-sg/41fe216e1b8d48d8a732c52d3b268f4e~tplv-aphluv4xwc-white-pad-v1:200:200.jpeg?lk3s=97278606&x-expires=1770896653&x-signature=sQjc3q8X0eiJdoYGv3mvCwI1iTA%3D&x-signature-webp=VSmGN40Y5jxy3kKy9QK6kdqmQI8%3D,https://p16-images-sign-sg.tokopedia-static.net/tos-alisg-i-aphluv4xwc-sg/41fe216e1b8d48d8a732c52d3b268f4e~tplv-aphluv4xwc-white-pad-v1:200:200.jpeg?lk3s=97278606&x-expires=1770896653&x-signature=sQjc3q8X0eiJdoYGv3mvCwI1iTA%3D&x-signature-webp=VSmGN40Y5jxy3kKy9QK6kdqmQI8%3D,4.8,7495618796463819220,Aftermyskin,https://www.tokopedia.com/aftermyskin,Bandar Lampung,3,10000,False,"[{""position"": ""ri_product_credibility"", ""title"": ""10rb+ terjual"", ""type"": """", ""url"": """", ""styles"": [], ""__typename"": ""SearchProductV5LabelGroups""}, {""position"": ""preventive_overlay"", ""title"": ""PreOrder"", ""type"": """", ""url"": """", ""styles"": [{""key"": ""background-color"", ""value"": ""#000000"", ""__typename"": ""SearchProductV5LabelGroupsStyle""}, {""key"": ""background-opacity"", ""value"": ""0.5"", ""__typename"": ""SearchProductV5LabelGroupsStyle""}, {""key"": ""text-color"", ""value"": ""#FFFFFF"", ""__typename"": ""SearchProductV5LabelGroupsStyle""}], ""__typename"": ""SearchProductV5LabelGroups""}, {""position"": ""ri_product_offer"", ""title"": ""Hemat s.d  1% Pakai Bonus"", ""type"": """", ""url"": """", ""styles"": [{""key"": ""text-color"", ""value"": ""#FF7F17"", ""__typename"": ""SearchProductV5LabelGroupsStyle""}], ""__typename"": ""SearchProductV5LabelGroups""}, {""position"": ""ri_ribbon"", ""title"": ""60%"", ""type"": """", ""url"": """", ""styles"": [{""key"": ""background-color"", ""value"": ""#E02954"", ""__typename"": ""SearchProductV5LabelGroupsStyle""}, {""key"": ""text-color"", ""value"": ""#FFFFFF"", ""__typename"": ""SearchProductV5LabelGroupsStyle""}], ""__typename"": ""SearchProductV5LabelGroups""}, {""position"": ""final_price"", ""title"": ""Rp172.000"", ""type"": """", ""url"": """", ""styles"": [{""key"": ""text-color"", ""value"": ""#D70C4B"", ""__typename"": ""SearchProductV5LabelGroupsStyle""}], ""__typename"": ""SearchProductV5LabelGroups""}, {""position"": ""ri_product_offer_v2"", ""title"": ""Hemat s.d  1% Pakai Bonus"", ""type"": """", ""url"": """", ""styles"": [{""key"": ""outline-color"", ""value"": ""#FFD9A8"", ""__typename"": ""SearchProductV5LabelGroupsStyle""}, {""key"": ""text-color"", ""value"": ""#FF7F17"", ""__typename"": ""SearchProductV5LabelGroupsStyle""}], ""__typename"": ""SearchProductV5LabelGroups""}, {""position"": ""ri_product_offer_v2"", ""title"": ""Bisa COD"", ""type"": """", ""url"": """", ""styles"": [{""key"": ""outline-color"", ""value"": ""#DFE2EA"", ""__typename"": ""SearchProductV5LabelGroupsStyle""}, {""key"": ""text-color"", ""value"": ""#656C7B"", ""__typename"": ""SearchProductV5LabelGroupsStyle""}], ""__typename"": ""SearchProductV5LabelGroups""}]",10rb+ terjual | PreOrder | Hemat s.d  1% Pakai Bonus | 60% | Rp172.000 | Hemat s.d  1% Pakai Bonus | Bisa COD,3821,1492,403,,
102472188291,MOICARE Bundling Body Serum Booster 50ml + Brightening Body Lotion 250ml | Mencerahkan Kulit Kusam Belang Menghaluskan Melembapkan,https://www.tokopedia.com/moicare-indonesia/moicare-bundling-body-serum-booster-50ml-brightening-body-lotion-250ml-mencerahkan-kulit-kusam-belang-menghaluskan-melembapkan-1732973795479487660?extParam=ivf%3Dfalse%26keyword%3Dbody+care%26search_id%3D20260212104412577BCC914F9E55036POQ%26src%3Dsearch,perawatan-tubuh/perawatan-kulit/body-lotion,90999,Rp202.999,0,https://p16-images-sign-sg.tokopedia-static.net/tos-alisg-i-aphluv4xwc-sg/7a65710977744334a16d18eecbd1fce2~tplv-aphluv4xwc-white-pad-v1:200:200.jpeg?lk3s=97278606&x-expires=1770896653&x-signature=BL2vGDrhI2OCy0EZzrRdxBR0lvY%3D&x-signature-webp=epr6hIdFBQ5WV5zOdBgvY%2FGjBG8%3D,https://p16-images-sign-sg.tokopedia-static.net/tos-alisg-i-aphluv4xwc-sg/7a65710977744334a16d18eecbd1fce2~tplv-aphluv4xwc-white-pad-v1:200:200.jpeg?lk3s=97278606&x-expires=1770896653&x-signature=BL2vGDrhI2OCy0EZzrRdxBR0lvY%3D&x-signature-webp=epr6hIdFBQ5WV5zOdBgvY%2FGjBG8%3D,4.9,7495182893872023724,Moicare Indonesia,https://www.tokopedia.com/moicare-indonesia,Surakarta,3,2000,False,"[{""position"": ""ri_product_credibility"", ""title"": ""2rb+ terjual"", ""type"": """", ""url"": """", ""styles"": [], ""__typename"": ""SearchProductV5LabelGroups""}, {""position"": ""ri_product_offer"", ""title"": ""Hemat s.d  1% Pakai Bonus"", ""type"": """", ""url"": """", ""styles"": [{""key"": ""text-color"", ""value"": ""#FF7F17"", ""__typename"": ""SearchProductV5LabelGroupsStyle""}], ""__typename"": ""SearchProductV5LabelGroups""}, {""position"": ""ri_ribbon"", ""title"": ""55%"", ""type"": """", ""url"": """", ""styles"": [{""key"": ""background-color"", ""value"": ""#E02954"", ""__typename"": ""SearchProductV5LabelGroupsStyle""}, {""key"": ""text-color"", ""value"": ""#FFFFFF"", ""__typename"": ""SearchProductV5LabelGroupsStyle""}], ""__typename"": ""SearchProductV5LabelGroups""}, {""position"": ""final_price"", ""title"": ""Rp90.999"", ""type"": """", ""url"": """", ""styles"": [{""key"": ""text-color"", ""value"": ""#D70C4B"", ""__typename"": ""SearchProductV5LabelGroupsStyle""}], ""__typename"": ""SearchProductV5LabelGroups""}, {""position"": ""ri_product_offer_v2"", ""title"": ""Hemat s.d  1% Pakai Bonus"", ""type"": """", ""url"": """", ""styles"": [{""key"": ""outline-color"", ""value"": ""#FFD9A8"", ""__typename"": ""SearchProductV5LabelGroupsStyle""}, {""key"": ""text-color"", ""value"": ""#FF7F17"", ""__typename"": ""SearchProductV5LabelGroupsStyle""}], ""__typename"": ""SearchProductV5LabelGroups""}, {""position"": ""ri_product_offer_v2"", ""title"": ""Bisa COD"", ""type"": """", ""url"": """", ""styles"": [{""key"": ""outline-color"", ""value"": ""#DFE2EA"", ""__typename"": ""SearchProductV5LabelGroupsStyle""}, {""key"": ""text-color"", ""value"": ""#656C7B"", ""__typename"": ""SearchProductV5LabelGroupsStyle""}], ""__typename"": ""SearchProductV5LabelGroups""}]",2rb+ terjual | Hemat s.d  1% Pakai Bonus | 55% | Rp90.999 | Hemat s.d  1% Pakai Bonus | Bisa COD,316,149,200,refreshed,output\bodyCare_enriched_images\102472188291.jpg
102884127519,[Lacera Paket Whitening Viral] Daily Rutin Paket 3 pcs | Body Lotion X Body Booster X Body Serum Mencerahkan,https://www.tokopedia.com/laceraid/lacera-paket-whitening-viral-daily-rutin-paket-3-pcs-body-lotion-x-body-booster-x-body-serum-mencerahkan-1734085793101808819?extParam=ivf%3Dfalse%26keyword%3Dbody+care%26search_id%3D20260212104412577BCC914F9E55036POQ%26src%3Dsearch,perawatan-tubuh/perawatan-kulit/body-lotion,26999,Rp95.999,0,https://p16-images-sign-sg.tokopedia-static.net/tos-alisg-i-aphluv4xwc-sg/96901d2b47f34be28f6e650f0530b87e~tplv-aphluv4xwc-white-pad-v1:200:200.jpeg?lk3s=97278606&x-expires=1770896653&x-signature=61B2PXDS9mSx7BqhV3cbJ9riXUI%3D&x-signature-webp=ltogYhMAAqjzuIwmhkqnMUUd4eU%3D,https://p16-images-sign-sg.tokopedia-static.net/tos-alisg-i-aphluv4xwc-sg/96901d2b47f34be28f6e650f0530b87e~tplv-aphluv4xwc-white-pad-v1:200:200.jpeg?lk3s=97278606&x-expires=1770896653&x-signature=61B2PXDS9mSx7BqhV3cbJ9riXUI%3D&x-signature-webp=ltogYhMAAqjzuIwmhkqnMUUd4eU%3D,4.7,7495831939309996211,Lacera.id,https://www.tokopedia.com/laceraid,Kab. Tangerang,2,50000,False,"[{""position"": ""ri_product_credibility"", ""title"": ""50rb+ terjual"", ""type"": """", ""url"": """", ""styles"": [], ""__typename"": ""SearchProductV5LabelGroups""}, {""position"": ""ri_product_offer"", ""title"": ""Hemat s.d  1% Pakai Bonus"", ""type"": """", ""url"": """", ""styles"": [{""key"": ""text-color"", ""value"": ""#FF7F17"", ""__typename"": ""SearchProductV5LabelGroupsStyle""}], ""__typename"": ""SearchProductV5LabelGroups""}, {""position"": ""ri_ribbon"", ""title"": ""72%"", ""type"": """", ""url"": """", ""styles"": [{""key"": ""background-color"", ""value"": ""#E02954"", ""__typename"": ""SearchProductV5LabelGroupsStyle""}, {""key"": ""text-color"", ""value"": ""#FFFFFF"", ""__typename"": ""SearchProductV5LabelGroupsStyle""}], ""__typename"": ""SearchProductV5LabelGroups""}, {""position"": ""final_price"", ""title"": ""Rp26.999"", ""type"": """", ""url"": """", ""styles"": [{""key"": ""text-color"", ""value"": ""#D70C4B"", ""__typename"": ""SearchProductV5LabelGroupsStyle""}], ""__typename"": ""SearchProductV5LabelGroups""}, {""position"": ""ri_product_offer_v2"", ""title"": ""Hemat s.d  1% Pakai Bonus"", ""type"": """", ""url"": """", ""styles"": [{""key"": ""outline-color"", ""value"": ""#FFD9A8"", ""__typename"": ""SearchProductV5LabelGroupsStyle""}, {""key"": ""text-color"", ""value"": ""#FF7F17"", ""__typename"": ""SearchProductV5LabelGroupsStyle""}], ""__typename"": ""SearchProductV5LabelGroups""}, {""position"": ""ri_product_offer_v2"", ""title"": ""Bisa COD"", ""type"": """", ""url"": """", ""styles"": [{""key"": ""outline-color"", ""value"": ""#DFE2EA"", ""__typename"": ""SearchProductV5LabelGroupsStyle""}, {""key"": ""text-color"", ""value"": ""#656C7B"", ""__typename"": ""SearchProductV5LabelGroupsStyle""}], ""__typename"": ""SearchProductV5LabelGroups""}]",50rb+ terjual | Hemat s.d  1% Pakai Bonus | 72% | Rp26.999 | Hemat s.d  1% Pakai Bonus | Bisa COD,6206,2113,200,refreshed,output\bodyCare_enriched_images\102884127519.jpg
102407389499,"Grace and Glow Brightening Body Wash | Shower Gel Grace and Glow | English Pear, Rouge540, Miss Moisture, Peony | Sabun Mandi Cair Wangi Parfum yang Mencerahkan, Membersihkan, Melembutkan Tubuh, Kulit Lebih Segar & Tangan Terawat",https://www.tokopedia.com/graceandglowofficial/grace-and-glow-brightening-body-wash-shower-gel-grace-and-glow-english-pear-rouge540-miss-moisture-peony-sabun-mandi-cair-wangi-parfum-yang-mencerahkan-membersihkan-melembutkan-tubuh-kulit-lebih-segar-tangan-terawat-1732841867910939916?extParam=ivf%3Dfalse%26keyword%3Dbody+care%26search_id%3D20260212104412577BCC914F9E55036POQ%26src%3Dsearch,perawatan-tubuh/perlengkapan-mandi/sabun-mandi,59000,Rp64.000,0,https://p16-images-sign-sg.tokopedia-static.net/tos-alisg-i-aphluv4xwc-sg/3b0156701d2548a2a4cf53733afe40ee~tplv-aphluv4xwc-white-pad-v1:200:200.jpeg?lk3s=97278606&x-expires=1770896653&x-signature=ElltRMNm3cTzxZfS%2ByClnipghWY%3D&x-signature-webp=daqXOnihto2%2F9ZcdgfITbmCAArQ%3D,https://p16-images-sign-sg.tokopedia-static.net/tos-alisg-i-aphluv4xwc-sg/3b0156701d2548a2a4cf53733afe40ee~tplv-aphluv4xwc-white-pad-v1:200:200.jpeg?lk3s=97278606&x-expires=1770896653&x-signature=ElltRMNm3cTzxZfS%2ByClnipghWY%3D&x-signature-webp=daqXOnihto2%2F9ZcdgfITbmCAArQ%3D,4.9,14157922,Grace and Glow Indonesia_NEW,https://www.tokopedia.com/graceandglowofficial,Jakarta Barat,2,500000,False,"[{""position"": ""ri_product_credibility"", ""title"": ""500rb+ terjual"", ""type"": """", ""url"": """", ""styles"": [], ""__typename"": ""SearchProductV5LabelGroups""}, {""position"": ""ri_product_offer"", ""title"": ""Bisa COD"", ""type"": """", ""url"": """", ""styles"": [{""key"": ""text-color"", ""value"": ""#FF7F17"", ""__typename"": ""SearchProductV5LabelGroupsStyle""}], ""__typename"": ""SearchProductV5LabelGroups""}, {""position"": ""final_price"", ""title"": ""Rp59.000"", ""type"": """", ""url"": """", ""styles"": [{""key"": ""text-color"", ""value"": ""#D70C4B"", ""__typename"": ""SearchProductV5LabelGroupsStyle""}], ""__typename"": ""SearchProductV5LabelGroups""}, {""position"": ""ri_product_offer_v2"", ""title"": ""Bisa COD"", ""type"": """", ""url"": """", ""styles"": [{""key"": ""outline-color"", ""value"": ""#DFE2EA"", ""__typename"": ""SearchProductV5LabelGroupsStyle""}, {""key"": ""text-color"", ""value"": ""#656C7B"", ""__typename"": ""SearchProductV5LabelGroupsStyle""}], ""__typename"": ""SearchProductV5LabelGroups""}]",500rb+ terjual | Bisa COD | Rp59.000 | Bisa COD,154067,2618,200,refreshed,output\bodyCare_enriched_images\102407389499.jpg
102597403566,[BEST] WHITE INC Alpha Glowhite PDRN Glucowhite TranexHya Body Lotion Whitening & Moisturizing | Body Lotion Menghidrasi Kulit,https://www.tokopedia.com/white-inc/best-white-inc-alpha-glowhite-pdrn-glucowhite-tranexhya-body-lotion-whitening-moisturizing-body-lotion-menghidrasi-kulit-1733308817477568467?extParam=ivf%3Dtrue%26keyword%3Dbody+care%26search_id%3D20260212104412577BCC914F9E55036POQ%26src%3Dsearch,perawatan-tubuh/perawatan-kulit/body-lotion,49000,Rp120.000,0,https://p16-images-sign-sg.tokopedia-static.net/tos-alisg-i-aphluv4xwc-sg/e1331262b152424ba45f1e20d6b8f57b~tplv-aphluv4xwc-white-pad-v1:200:200.jpeg?lk3s=97278606&x-expires=1770896653&x-signature=IwMk2S3kV9529u94Ceafqzo16hE%3D&x-signature-webp=d3v6VxOsjb5vJwuj2xzo6aYwAKY%3D,https://p16-images-sign-sg.tokopedia-static.net/tos-alisg-i-aphluv4xwc-sg/e1331262b152424ba45f1e20d6b8f57b~tplv-aphluv4xwc-white-pad-v1:200:200.jpeg?lk3s=97278606&x-expires=1770896653&x-signature=IwMk2S3kV9529u94Ceafqzo16hE%3D&x-signature-webp=d3v6VxOsjb5vJwuj2xzo6aYwAKY%3D,4.9,7494676800828246995,White inc,https://www.tokopedia.com/white-inc,Jakarta Utara,2,100000,False,"[{""position"": ""ri_product_credibility"", ""title"": ""100rb+ terjual"", ""type"": """", ""url"": """", ""styles"": [], ""__typename"": ""SearchProductV5LabelGroups""}, {""position"": ""ri_product_offer"", ""title"": ""Hemat s.d  1% Pakai Bonus"", ""type"": """", ""url"": """", ""styles"": [{""key"": ""text-color"", ""value"": ""#FF7F17"", ""__typename"": ""SearchProductV5LabelGroupsStyle""}], ""__typename"": ""SearchProductV5LabelGroups""}, {""position"": ""ri_ribbon"", ""title"": ""59%"", ""type"": """", ""url"": """", ""styles"": [{""key"": ""background-color"", ""value"": ""#E02954"", ""__typename"": ""SearchProductV5LabelGroupsStyle""}, {""key"": ""text-color"", ""value"": ""#FFFFFF"", ""__typename"": ""SearchProductV5LabelGroupsStyle""}], ""__typename"": ""SearchProductV5LabelGroups""}, {""position"": ""final_price"", ""title"": ""Rp49.000"", ""type"": """", ""url"": """", ""styles"": [{""key"": ""text-color"", ""value"": ""#D70C4B"", ""__typename"": ""SearchProductV5LabelGroupsStyle""}], ""__typename"": ""SearchProductV5LabelGroups""}, {""position"": ""ri_product_offer_v2"", ""title"": ""Hemat s.d  1% Pakai Bonus"", ""type"": """", ""url"": """", ""styles"": [{""key"": ""outline-color"", ""value"": ""#FFD9A8"", ""__typename"": ""SearchProductV5LabelGroupsStyle""}, {""key"": ""text-color"", ""value"": ""#FF7F17"", ""__typename"": ""SearchProductV5LabelGroupsStyle""}], ""__typename"": ""SearchProductV5LabelGroups""}, {""position"": ""ri_product_offer_v2"", ""title"": ""Bisa COD"", ""type"": """", ""url"": """", ""styles"": [{""key"": ""outline-color"", ""value"": ""#DFE2EA"", ""__typename"": ""SearchProductV5LabelGroupsStyle""}, {""key"": ""text-color"", ""value"": ""#656C7B"", ""__typename"": ""SearchProductV5LabelGroupsStyle""}], ""__typename"": ""SearchProductV5LabelGroups""}]",100rb+ terjual | Hemat s.d  1% Pakai Bonus | 59% | Rp49.000 | Hemat s.d  1% Pakai Bonus | Bisa COD,31382,10433,200,refreshed,output\bodyCare_enriched_images\102597403566.jpg
15563257424,[ARTHA LDT] LAUNCHING NEW BORN NEXT GENERATION - PAKET D FRESH & BRIGHT WITH NIACINAMIDE 5x MENCERAHKAN ( 2 Pink Moistureday Lotion + 2 butter + 2 pinkish essence),https://www.tokopedia.com/arthaldtoffice/artha-ldt-launching-new-born-next-generation-paket-d-fresh-bright-with-niacinamide-5x-mencerahkan-2-pink-moistureday-lotion-2-butter-2-pinkish-essence-1729638063755856402?extParam=ivf%3Dfalse%26keyword%3Dbody+care%26search_id%3D20260212104412577BCC914F9E55036POQ%26src%3Dsearch,mainan-hobi/model-kit/mecha-model-gunpla,40001,Rp300.000,0,https://p16-images-sign-sg.tokopedia-static.net/tos-alisg-i-aphluv4xwc-sg/42db212a408f43d29fe82f121d9040d2~tplv-aphluv4xwc-white-pad-v1:200:200.jpeg?lk3s=97278606&x-expires=1770896653&x-signature=IyzXF4lbN7sR94mbkjwxyck7Jg8%3D&x-signature-webp=kcHnE7EHhzJrxPart9b2gWBHYPE%3D,https://p16-images-sign-sg.tokopedia-static.net/tos-alisg-i-aphluv4xwc-sg/42db212a408f43d29fe82f121d9040d2~tplv-aphluv4xwc-white-pad-v1:200:200.jpeg?lk3s=97278606&x-expires=1770896653&x-signature=IyzXF4lbN7sR94mbkjwxyck7Jg8%3D&x-signature-webp=kcHnE7EHhzJrxPart9b2gWBHYPE%3D,4.8,16490194,Arthaldtoffice,https://www.tokopedia.com/arthaldtoffice,Kab. Situbondo,2,50000,False,"[{""position"": ""ri_product_credibility"", ""title"": ""50rb+ terjual"", ""type"": """", ""url"": """", ""styles"": [], ""__typename"": ""SearchProductV5LabelGroups""}, {""position"": ""nett_price"", ""title"": ""Rp40.001"", ""type"": """", ""url"": ""https://p16-images-comn-sg.tokopedia-static.net/tos-alisg-i-zr7vqa5nfb-sg/img/ic_promo-discount.png~tplv-zr7vqa5nfb-image.image"", ""styles"": [{""key"": ""background-color"", ""value"": ""#FFF5F6"", ""__typename"": ""SearchProductV5LabelGroupsStyle""}, {""key"": ""background-opacity"", ""value"": ""1"", ""__typename"": ""SearchProductV5LabelGroupsStyle""}, {""key"": ""outline-color"", ""value"": ""#FFB2C2"", ""__typename"": ""SearchProductV5LabelGroupsStyle""}, {""key"": ""text-color"", ""value"": ""#F94D63"", ""__typename"": ""SearchProductV5LabelGroupsStyle""}], ""__typename"": ""SearchProductV5LabelGroups""}, {""position"": ""overlay_1"", ""title"": ""Campaign"", ""type"": """", ""url"": ""https://p16-uploadpedia-sg.tokopedia-static.net/tos-alisg-i-zxty12jeln-sg/8caaede0c21c7e3be9a1b4e8d550acce.png~tplv-zxty12jeln-image.image"", ""styles"": [], ""__typename"": ""SearchProductV5LabelGroups""}, {""position"": ""overlay_3"", ""title"": ""Beli Lokal"", ""type"": """", ""url"": ""https://images.tokopedia.net/img/vMWOpN/2025/10/16/1e33b6b7-d4bb-4aed-a1af-ebb46043c369.png"", ""styles"": [], ""__typename"": ""SearchProductV5LabelGroups""}, {""position"": ""ri_product_offer"", ""title"": ""Hemat s.d  1% Pakai Bonus"", ""type"": """", ""url"": """", ""styles"": [{""key"": ""text-color"", ""value"": ""#FF7F17"", ""__typename"": ""SearchProductV5LabelGroupsStyle""}], ""__typename"": ""SearchProductV5LabelGroups""}, {""position"": ""ri_ribbon"", ""title"": ""87%"", ""type"": """", ""url"": """", ""styles"": [{""key"": ""background-color"", ""value"": ""#E02954"", ""__typename"": ""SearchProductV5LabelGroupsStyle""}, {""key"": ""text-color"", ""value"": ""#FFFFFF"", ""__typename"": ""SearchProductV5LabelGroupsStyle""}], ""__typename"": ""SearchProductV5LabelGroups""}, {""position"": ""promotion_label"", ""title"": ""Harga Diskon"", ""type"": """", ""url"": ""https://p16-images-comn-sg.tokopedia-static.net/tos-alisg-i-zr7vqa5nfb-sg/img/promo/icon/discount-ic-2.png~tplv-zr7vqa5nfb-image.image"", ""styles"": [{""key"": ""background-color"", ""value"": ""#FEECEF"", ""__typename"": ""SearchProductV5LabelGroupsStyle""}, {""key"": ""outline-color"", ""value"": ""#FFC1C5"", ""__typename"": ""SearchProductV5LabelGroupsStyle""}, {""key"": ""text-color"", ""value"": ""#D70C4B"", ""__typename"": ""SearchProductV5LabelGroupsStyle""}], ""__typename"": ""SearchProductV5LabelGroups""}, {""position"": ""final_price"", ""title"": ""Rp40.001"", ""type"": """", ""url"": """", ""styles"": [{""key"": ""text-color"", ""value"": ""#D70C4B"", ""__typename"": ""SearchProductV5LabelGroupsStyle""}], ""__typename"": ""SearchProductV5LabelGroups""}, {""position"": ""ri_product_offer_v2"", ""title"": ""Hemat s.d  1% Pakai Bonus"", ""type"": """", ""url"": """", ""styles"": [{""key"": ""outline-color"", ""value"": ""#FFD9A8"", ""__typename"": ""SearchProductV5LabelGroupsStyle""}, {""key"": ""text-color"", ""value"": ""#FF7F17"", ""__typename"": ""SearchProductV5LabelGroupsStyle""}], ""__typename"": ""SearchProductV5LabelGroups""}, {""position"": ""ri_product_offer_v2"", ""title"": ""Bisa COD"", ""type"": """", ""url"": """", ""styles"": [{""key"": ""outline-color"", ""value"": ""#DFE2EA"", ""__typename"": ""SearchProductV5LabelGroupsStyle""}, {""key"": ""text-color"", ""value"": ""#656C7B"", ""__typename"": ""SearchProductV5LabelGroupsStyle""}], ""__typename"": ""SearchProductV5LabelGroups""}]",50rb+ terjual | Rp40.001 | Campaign | Beli Lokal | Hemat s.d  1% Pakai Bonus | 87% | Harga Diskon | Rp40.001 | Hemat s.d  1% Pakai Bonus | Bisa COD,7788,5987,200,refreshed,output\bodyCare_enriched_images\15563257424.jpg
14424620615,Grace and Glow 4in1 Sun Protection Body Care Set - Paket Perawatan Tubuh Anti UV dan wangi seharian (serum badan SPF 30 PA + sabun mandi + deodorant serum + parfum rambut),https://www.tokopedia.com/graceandglowofficial/grace-and-glow-4in1-sun-protection-body-care-set-paket-perawatan-tubuh-anti-uv-dan-wangi-seharian-serum-badan-spf-30-pa-sabun-mandi-deodorant-serum-parfum-rambut?extParam=ivf%3Dfalse%26keyword%3Dbody+care%26search_id%3D20260212104412577BCC914F9E55036POQ%26src%3Dsearch,perawatan-tubuh/perawatan-kulit/body-lotion,162000,Rp241.000,0,https://p16-images-sign-sg.tokopedia-static.net/tos-alisg-i-aphluv4xwc-sg/8cd4e53099c84c338db5856404432a4e~tplv-aphluv4xwc-white-pad-v1:200:200.jpeg?lk3s=97278606&x-expires=1770896653&x-signature=91hHTsZ%2FPodDYmi2gkMna99eYhk%3D&x-signature-webp=tNQcL9zOMZ29ZtjW4wOG5CYgtCU%3D,https://p16-images-sign-sg.tokopedia-static.net/tos-alisg-i-aphluv4xwc-sg/8cd4e53099c84c338db5856404432a4e~tplv-aphluv4xwc-white-pad-v1:200:200.jpeg?lk3s=97278606&x-expires=1770896653&x-signature=91hHTsZ%2FPodDYmi2gkMna99eYhk%3D&x-signature-webp=tNQcL9zOMZ29ZtjW4wOG5CYgtCU%3D,4.9,14157922,Grace and Glow Indonesia_NEW,https://www.tokopedia.com/graceandglowofficial,Jakarta Barat,2,8000,False,"[{""position"": ""ri_product_credibility"", ""title"": ""8rb+ terjual"", ""type"": """", ""url"": """", ""styles"": [], ""__typename"": ""SearchProductV5LabelGroups""}, {""position"": ""ri_product_offer"", ""title"": ""Bisa COD"", ""type"": """", ""url"": """", ""styles"": [{""key"": ""text-color"", ""value"": ""#FF7F17"", ""__typename"": ""SearchProductV5LabelGroupsStyle""}], ""__typename"": ""SearchProductV5LabelGroups""}, {""position"": ""ri_ribbon"", ""title"": ""33%"", ""type"": """", ""url"": """", ""styles"": [{""key"": ""background-color"", ""value"": ""#E02954"", ""__typename"": ""SearchProductV5LabelGroupsStyle""}, {""key"": ""text-color"", ""value"": ""#FFFFFF"", ""__typename"": ""SearchProductV5LabelGroupsStyle""}], ""__typename"": ""SearchProductV5LabelGroups""}, {""position"": ""final_price"", ""title"": ""Rp162.000"", ""type"": """", ""url"": """", ""styles"": [{""key"": ""text-color"", ""value"": ""#D70C4B"", ""__typename"": ""SearchProductV5LabelGroupsStyle""}], ""__typename"": ""SearchProductV5LabelGroups""}, {""position"": ""ri_product_offer_v2"", ""title"": ""Bisa COD"", ""type"": """", ""url"": """", ""styles"": [{""key"": ""outline-color"", ""value"": ""#DFE2EA"", ""__typename"": ""SearchProductV5LabelGroupsStyle""}, {""key"": ""text-color"", ""value"": ""#656C7B"", ""__typename"": ""SearchProductV5LabelGroupsStyle""}], ""__typename"": ""SearchProductV5LabelGroups""}]",8rb+ terjual | Bisa COD | 33% | Rp162.000 | Bisa COD,310,72,200,refreshed,output\bodyCare_enriched_images\14424620615.jpg
102718674458,Purbasari Gluta Hya Body Serum 180ml - Lotion Pencerah Kulit Murah,https://www.tokopedia.com/bella-lens/purbasari-gluta-hya-body-serum-180ml-lotion-pencerah-kulit-murah-1733677786728334412?extParam=ivf%3Dfalse%26keyword%3Dbody+care%26search_id%3D20260212104412577BCC914F9E55036POQ%26src%3Dsearch,perawatan-tubuh/perawatan-kulit/body-lotion,23999,Rp100.000,0,https://p16-images-sign-sg.tokopedia-static.net/tos-alisg-i-aphluv4xwc-sg/208bf1b021d74fa8a8e84d31e205b474~tplv-aphluv4xwc-white-pad-v1:200:200.jpeg?lk3s=97278606&x-expires=1770896653&x-signature=8Z9H1NgDjN4Qy1pWQCtE%2FZCPfAU%3D&x-signature-webp=5u3r1XJBS9n0im4e8u66jLRo39g%3D,https://p16-images-sign-sg.tokopedia-static.net/tos-alisg-i-aphluv4xwc-sg/208bf1b021d74fa8a8e84d31e205b474~tplv-aphluv4xwc-white-pad-v1:200:200.jpeg?lk3s=97278606&x-expires=1770896653&x-signature=8Z9H1NgDjN4Qy1pWQCtE%2FZCPfAU%3D&x-signature-webp=5u3r1XJBS9n0im4e8u66jLRo39g%3D,4.8,7494083394070086732,BELLA LENS,https://www.tokopedia.com/bella-lens,Kab. Jombang,3,50000,False,"[{""position"": ""ri_product_credibility"", ""title"": ""50rb+ terjual"", ""type"": """", ""url"": """", ""styles"": [], ""__typename"": ""SearchProductV5LabelGroups""}, {""position"": ""ri_product_offer"", ""title"": ""Bisa COD"", ""type"": """", ""url"": """", ""styles"": [{""key"": ""text-color"", ""value"": ""#FF7F17"", ""__typename"": ""SearchProductV5LabelGroupsStyle""}], ""__typename"": ""SearchProductV5LabelGroups""}, {""position"": ""ri_ribbon"", ""title"": ""76%"", ""type"": """", ""url"": """", ""styles"": [{""key"": ""background-color"", ""value"": ""#E02954"", ""__typename"": ""SearchProductV5LabelGroupsStyle""}, {""key"": ""text-color"", ""value"": ""#FFFFFF"", ""__typename"": ""SearchProductV5LabelGroupsStyle""}], ""__typename"": ""SearchProductV5LabelGroups""}, {""position"": ""final_price"", ""title"": ""Rp23.999"", ""type"": """", ""url"": """", ""styles"": [{""key"": ""text-color"", ""value"": ""#D70C4B"", ""__typename"": ""SearchProductV5LabelGroupsStyle""}], ""__typename"": ""SearchProductV5LabelGroups""}, {""position"": ""ri_product_offer_v2"", ""title"": ""Bisa COD"", ""type"": """", ""url"": """", ""styles"": [{""key"": ""outline-color"", ""value"": ""#DFE2EA"", ""__typename"": ""SearchProductV5LabelGroupsStyle""}, {""key"": ""text-color"", ""value"": ""#656C7B"", ""__typename"": ""SearchProductV5LabelGroupsStyle""}], ""__typename"": ""SearchProductV5LabelGroups""}]",50rb+ terjual | Bisa COD | 76% | Rp23.999 | Bisa COD,4985,1869,403,,
102315078787,SHERIZ BRIGHTENING BODY LOTION 100ml HB Sheriz Handbody Mencerahkan Tubuh Extract Niacinamide,https://www.tokopedia.com/skinhelp/sheriz-brightening-body-lotion-100ml-hb-sheriz-handbody-mencerahkan-tubuh-extract-niacinamide-1732625095388399363?extParam=ivf%3Dfalse%26keyword%3Dbody+care%26search_id%3D20260212104412577BCC914F9E55036POQ%26src%3Dsearch,perawatan-tubuh/perawatan-kulit/body-lotion,65000,Rp116.820,0,https://p16-images-sign-sg.tokopedia-static.net/tos-alisg-i-aphluv4xwc-sg/8468f1ec5c9b47ab98a26f05431992c1~tplv-aphluv4xwc-white-pad-v1:200:200.jpeg?lk3s=97278606&x-expires=1770896653&x-signature=NqFT6X4VI59za1qVmqukPA%2FAmEQ%3D&x-signature-webp=CxzetKmrzK%2FvVdaIOgeAAg%2BNncs%3D,https://p16-images-sign-sg.tokopedia-static.net/tos-alisg-i-aphluv4xwc-sg/8468f1ec5c9b47ab98a26f05431992c1~tplv-aphluv4xwc-white-pad-v1:200:200.jpeg?lk3s=97278606&x-expires=1770896653&x-signature=NqFT6X4VI59za1qVmqukPA%2FAmEQ%3D&x-signature-webp=CxzetKmrzK%2FvVdaIOgeAAg%2BNncs%3D,4.8,11020652,Skinhelp id,https://www.tokopedia.com/skinhelp,Surabaya,3,1000,False,"[{""position"": ""ri_product_credibility"", ""title"": ""1rb+ terjual"", ""type"": """", ""url"": """", ""styles"": [], ""__typename"": ""SearchProductV5LabelGroups""}, {""position"": ""ri_product_offer"", ""title"": ""Hemat s.d  1% Pakai Bonus"", ""type"": """", ""url"": """", ""styles"": [{""key"": ""text-color"", ""value"": ""#FF7F17"", ""__typename"": ""SearchProductV5LabelGroupsStyle""}], ""__typename"": ""SearchProductV5LabelGroups""}, {""position"": ""ri_ribbon"", ""title"": ""44%"", ""type"": """", ""url"": """", ""styles"": [{""key"": ""background-color"", ""value"": ""#E02954"", ""__typename"": ""SearchProductV5LabelGroupsStyle""}, {""key"": ""text-color"", ""value"": ""#FFFFFF"", ""__typename"": ""SearchProductV5LabelGroupsStyle""}], ""__typename"": ""SearchProductV5LabelGroups""}, {""position"": ""final_price"", ""title"": ""Rp65.000"", ""type"": """", ""url"": """", ""styles"": [{""key"": ""text-color"", ""value"": ""#D70C4B"", ""__typename"": ""SearchProductV5LabelGroupsStyle""}], ""__typename"": ""SearchProductV5LabelGroups""}, {""position"": ""ri_product_offer_v2"", ""title"": ""Hemat s.d  1% Pakai Bonus"", ""type"": """", ""url"": """", ""styles"": [{""key"": ""outline-color"", ""value"": ""#FFD9A8"", ""__typename"": ""SearchProductV5LabelGroupsStyle""}, {""key"": ""text-color"", ""value"": ""#FF7F17"", ""__typename"": ""SearchProductV5LabelGroupsStyle""}], ""__typename"": ""SearchProductV5LabelGroups""}, {""position"": ""ri_product_offer_v2"", ""title"": ""Bisa COD"", ""type"": """", ""url"": """", ""styles"": [{""key"": ""outline-color"", ""value"": ""#DFE2EA"", ""__typename"": ""SearchProductV5LabelGroupsStyle""}, {""key"": ""text-color"", ""value"": ""#656C7B"", ""__typename"": ""SearchProductV5LabelGroupsStyle""}], ""__typename"": ""SearchProductV5LabelGroups""}]",1rb+ terjual | Hemat s.d  1% Pakai Bonus | 44% | Rp65.000 | Hemat s.d  1% Pakai Bonus | Bisa COD,170,99,200,refreshed,output\bodyCare_enriched_images\102315078787.jpg
100251752105,"SLAVINA Bundle 2IN1 First Kiss (Body Lotion + Shower Gel) by Nagita Slavina – Handbody Mencerahkan & Moisturizing, Sabun Mandi Wangi Parfum, Body Care untuk Kulit Cerah Terawat",https://www.tokopedia.com/slavinaofficialstore/slavina-bundle-2in1-first-kiss-body-lotion-shower-gel-by-nagita-slavina-handbody-mencerahkan-moisturizing-sabun-mandi-wangi-parfum-body-care-untuk-kulit-cerah-terawat-1729976178722768990?extParam=ivf%3Dtrue%26keyword%3Dbody+care%26search_id%3D20260212104412577BCC914F9E55036POQ%26src%3Dsearch,perawatan-tubuh/perawatan-kulit/body-lotion,89000,Rp135.000,0,https://p16-images-sign-sg.tokopedia-static.net/tos-alisg-i-aphluv4xwc-sg/b706e92a4764492283d8aac8b5d44680~tplv-aphluv4xwc-white-pad-v1:200:200.jpeg?lk3s=97278606&x-expires=1770896653&x-signature=cgQQ3Q0Eqfhd2T%2F9uLxkxpiVCCc%3D&x-signature-webp=QXIerGyC7VqepJBP2ZlLIcHSyhU%3D,https://p16-images-sign-sg.tokopedia-static.net/tos-alisg-i-aphluv4xwc-sg/b706e92a4764492283d8aac8b5d44680~tplv-aphluv4xwc-white-pad-v1:200:200.jpeg?lk3s=97278606&x-expires=1770896653&x-signature=cgQQ3Q0Eqfhd2T%2F9uLxkxpiVCCc%3D&x-signature-webp=QXIerGyC7VqepJBP2ZlLIcHSyhU%3D,4.9,16387917,Slavina,https://www.tokopedia.com/slavinaofficialstore,Jakarta Utara,2,10000,False,"[{""position"": ""ri_product_credibility"", ""title"": ""10rb+ terjual"", ""type"": """", ""url"": """", ""styles"": [], ""__typename"": ""SearchProductV5LabelGroups""}, {""position"": ""nett_price"", ""title"": ""Rp89.000"", ""type"": """", ""url"": ""https://p16-images-comn-sg.tokopedia-static.net/tos-alisg-i-zr7vqa5nfb-sg/img/ic_promo-discount.png~tplv-zr7vqa5nfb-image.image"", ""styles"": [{""key"": ""background-color"", ""value"": ""#FFF5F6"", ""__typename"": ""SearchProductV5LabelGroupsStyle""}, {""key"": ""background-opacity"", ""value"": ""1"", ""__typename"": ""SearchProductV5LabelGroupsStyle""}, {""key"": ""outline-color"", ""value"": ""#FFB2C2"", ""__typename"": ""SearchProductV5LabelGroupsStyle""}, {""key"": ""text-color"", ""value"": ""#F94D63"", ""__typename"": ""SearchProductV5LabelGroupsStyle""}], ""__typename"": ""SearchProductV5LabelGroups""}, {""position"": ""overlay_1"", ""title"": ""Campaign"", ""type"": """", ""url"": ""https://p16-uploadpedia-sg.tokopedia-static.net/tos-alisg-i-zxty12jeln-sg/8caaede0c21c7e3be9a1b4e8d550acce.png~tplv-zxty12jeln-image.image"", ""styles"": [], ""__typename"": ""SearchProductV5LabelGroups""}, {""position"": ""overlay_3"", ""title"": ""Beli Lokal"", ""type"": """", ""url"": ""https://images.tokopedia.net/img/vMWOpN/2025/10/16/1e33b6b7-d4bb-4aed-a1af-ebb46043c369.png"", ""styles"": [], ""__typename"": ""SearchProductV5LabelGroups""}, {""position"": ""ri_product_offer"", ""title"": ""Hemat s.d  1% Pakai Bonus"", ""type"": """", ""url"": """", ""styles"": [{""key"": ""text-color"", ""value"": ""#FF7F17"", ""__typename"": ""SearchProductV5LabelGroupsStyle""}], ""__typename"": ""SearchProductV5LabelGroups""}, {""position"": ""ri_ribbon"", ""title"": ""34%"", ""type"": """", ""url"": """", ""styles"": [{""key"": ""background-color"", ""value"": ""#E02954"", ""__typename"": ""SearchProductV5LabelGroupsStyle""}, {""key"": ""text-color"", ""value"": ""#FFFFFF"", ""__typename"": ""SearchProductV5LabelGroupsStyle""}], ""__typename"": ""SearchProductV5LabelGroups""}, {""position"": ""promotion_label"", ""title"": ""Harga Diskon"", ""type"": """", ""url"": ""https://p16-images-comn-sg.tokopedia-static.net/tos-alisg-i-zr7vqa5nfb-sg/img/promo/icon/discount-ic-2.png~tplv-zr7vqa5nfb-image.image"", ""styles"": [{""key"": ""background-color"", ""value"": ""#FEECEF"", ""__typename"": ""SearchProductV5LabelGroupsStyle""}, {""key"": ""outline-color"", ""value"": ""#FFC1C5"", ""__typename"": ""SearchProductV5LabelGroupsStyle""}, {""key"": ""text-color"", ""value"": ""#D70C4B"", ""__typename"": ""SearchProductV5LabelGroupsStyle""}], ""__typename"": ""SearchProductV5LabelGroups""}, {""position"": ""final_price"", ""title"": ""Rp89.000"", ""type"": """", ""url"": """", ""styles"": [{""key"": ""text-color"", ""value"": ""#D70C4B"", ""__typename"": ""SearchProductV5LabelGroupsStyle""}], ""__typename"": ""SearchProductV5LabelGroups""}, {""position"": ""ri_product_offer_v2"", ""title"": ""Hemat s.d  1% Pakai Bonus"", ""type"": """", ""url"": """", ""styles"": [{""key"": ""outline-color"", ""value"": ""#FFD9A8"", ""__typename"": ""SearchProductV5LabelGroupsStyle""}, {""key"": ""text-color"", ""value"": ""#FF7F17"", ""__typename"": ""SearchProductV5LabelGroupsStyle""}], ""__typename"": ""SearchProductV5LabelGroups""}, {""position"": ""ri_product_offer_v2"", ""title"": ""Bisa COD"", ""type"": """", ""url"": """", ""styles"": [{""key"": ""outline-color"", ""value"": ""#DFE2EA"", ""__typename"": ""SearchProductV5LabelGroupsStyle""}, {""key"": ""text-color"", ""value"": ""#656C7B"", ""__typename"": ""SearchProductV5LabelGroupsStyle""}], ""__typename"": ""SearchProductV5LabelGroups""}]",10rb+ terjual | Rp89.000 | Campaign | Beli Lokal | Hemat s.d  1% Pakai Bonus | 34% | Harga Diskon | Rp89.000 | Hemat s.d  1% Pakai Bonus | Bisa COD,6571,4055,403,,
100530249569,SCARLETT 4in1 Bodycare Daily Routine Body Scrub + Shower Scrub + Body Serum + Body Lotion Paket Sehari-hari Mencerahkan Kulit | Intense Mencerahkan Kulit Wangi Tahan Lama,https://www.tokopedia.com/scarlettwhite/scarlett-4in1-bodycare-daily-routine-body-scrub-shower-scrub-body-serum-body-lotion-paket-sehari-hari-mencerahkan-kulit-intense-mencerahkan-kulit-wangi-tahan-lama-1731492329870427512?extParam=ivf%3Dfalse%26keyword%3Dbody+care%26search_id%3D20260212104412577BCC914F9E55036POQ%26src%3Dsearch,perawatan-tubuh/perawatan-kulit/body-scrub,243999,Rp304.500,0,https://p16-images-sign-sg.tokopedia-static.net/tos-alisg-i-aphluv4xwc-sg/0c6d6bc782a943ebb08809fe882b9d6c~tplv-aphluv4xwc-white-pad-v1:200:200.jpeg?lk3s=97278606&x-expires=1770896653&x-signature=n8P9whCcwaVVYRqKSCUF%2FX94c%2Fc%3D&x-signature-webp=b3Pp4BV7Q4JEs8fMCcazFL5cYr0%3D,https://p16-images-sign-sg.tokopedia-static.net/tos-alisg-i-aphluv4xwc-sg/0c6d6bc782a943ebb08809fe882b9d6c~tplv-aphluv4xwc-white-pad-v1:200:200.jpeg?lk3s=97278606&x-expires=1770896653&x-signature=n8P9whCcwaVVYRqKSCUF%2FX94c%2Fc%3D&x-signature-webp=b3Pp4BV7Q4JEs8fMCcazFL5cYr0%3D,4.8,2625052,Scarlett Whitening,https://www.tokopedia.com/scarlettwhite,Jakarta Utara,2,10000,False,"[{""position"": ""ri_product_credibility"", ""title"": ""10rb+ terjual"", ""type"": """", ""url"": """", ""styles"": [], ""__typename"": ""SearchProductV5LabelGroups""}, {""position"": ""ri_product_offer"", ""title"": ""Hemat s.d  1% Pakai Bonus"", ""type"": """", ""url"": """", ""styles"": [{""key"": ""text-color"", ""value"": ""#FF7F17"", ""__typename"": ""SearchProductV5LabelGroupsStyle""}], ""__typename"": ""SearchProductV5LabelGroups""}, {""position"": ""ri_ribbon"", ""title"": ""20%"", ""type"": """", ""url"": """", ""styles"": [{""key"": ""background-color"", ""value"": ""#E02954"", ""__typename"": ""SearchProductV5LabelGroupsStyle""}, {""key"": ""text-color"", ""value"": ""#FFFFFF"", ""__typename"": ""SearchProductV5LabelGroupsStyle""}], ""__typename"": ""SearchProductV5LabelGroups""}, {""position"": ""final_price"", ""title"": ""Rp243.999"", ""type"": """", ""url"": """", ""styles"": [{""key"": ""text-color"", ""value"": ""#D70C4B"", ""__typename"": ""SearchProductV5LabelGroupsStyle""}], ""__typename"": ""SearchProductV5LabelGroups""}, {""position"": ""ri_product_offer_v2"", ""title"": ""Hemat s.d  1% Pakai Bonus"", ""type"": """", ""url"": """", ""styles"": [{""key"": ""outline-color"", ""value"": ""#FFD9A8"", ""__typename"": ""SearchProductV5LabelGroupsStyle""}, {""key"": ""text-color"", ""value"": ""#FF7F17"", ""__typename"": ""SearchProductV5LabelGroupsStyle""}], ""__typename"": ""SearchProductV5LabelGroups""}, {""position"": ""ri_product_offer_v2"", ""title"": ""Bisa COD"", ""type"": """", ""url"": """", ""styles"": [{""key"": ""outline-color"", ""value"": ""#DFE2EA"", ""__typename"": ""SearchProductV5LabelGroupsStyle""}, {""key"": ""text-color"", ""value"": ""#656C7B"", ""__typename"": ""SearchProductV5LabelGroupsStyle""}], ""__typename"": ""SearchProductV5LabelGroups""}]",10rb+ terjual | Hemat s.d  1% Pakai Bonus | 20% | Rp243.999 | Hemat s.d  1% Pakai Bonus | Bisa COD,2334,648,200,refreshed,output\bodyCare_enriched_images\100530249569.jpg
100725375984,"SHERIZ BRIGHTENING BODY LOTION Melindungi  dari sinar UV,Mencerahkan memudarkan bekas luka",https://www.tokopedia.com/sheriz/sheriz-brightening-body-lotion-melindungi-dari-sinar-uv-mencerahkan-memudarkan-bekas-luka-1731872411071514097?extParam=ivf%3Dfalse%26keyword%3Dbody+care%26search_id%3D20260212104412577BCC914F9E55036POQ%26src%3Dsearch,perawatan-tubuh/perawatan-kulit/body-lotion,78000,Rp112.500,0,https://p16-images-sign-sg.tokopedia-static.net/tos-alisg-i-aphluv4xwc-sg/c9438471d1834d3ba8dc0bd51acf197c~tplv-aphluv4xwc-white-pad-v1:200:200.jpeg?lk3s=97278606&x-expires=1770896653&x-signature=X6HIxwnN%2Bxzuln4zTHyZiTMvDzc%3D&x-signature-webp=qx26irE4MYkuwddSvpxr24byu9g%3D,https://p16-images-sign-sg.tokopedia-static.net/tos-alisg-i-aphluv4xwc-sg/c9438471d1834d3ba8dc0bd51acf197c~tplv-aphluv4xwc-white-pad-v1:200:200.jpeg?lk3s=97278606&x-expires=1770896653&x-signature=X6HIxwnN%2Bxzuln4zTHyZiTMvDzc%3D&x-signature-webp=qx26irE4MYkuwddSvpxr24byu9g%3D,4.8,7494083401096922609,Sheriz,https://www.tokopedia.com/sheriz,Kab. Gresik,2,50000,False,"[{""position"": ""ri_product_credibility"", ""title"": ""50rb+ terjual"", ""type"": """", ""url"": """", ""styles"": [], ""__typename"": ""SearchProductV5LabelGroups""}, {""position"": ""ri_product_offer"", ""title"": ""Hemat s.d  1% Pakai Bonus"", ""type"": """", ""url"": """", ""styles"": [{""key"": ""text-color"", ""value"": ""#FF7F17"", ""__typename"": ""SearchProductV5LabelGroupsStyle""}], ""__typename"": ""SearchProductV5LabelGroups""}, {""position"": ""ri_ribbon"", ""title"": ""31%"", ""type"": """", ""url"": """", ""styles"": [{""key"": ""background-color"", ""value"": ""#E02954"", ""__typename"": ""SearchProductV5LabelGroupsStyle""}, {""key"": ""text-color"", ""value"": ""#FFFFFF"", ""__typename"": ""SearchProductV5LabelGroupsStyle""}], ""__typename"": ""SearchProductV5LabelGroups""}, {""position"": ""final_price"", ""title"": ""Rp78.000"", ""type"": """", ""url"": """", ""styles"": [{""key"": ""text-color"", ""value"": ""#D70C4B"", ""__typename"": ""SearchProductV5LabelGroupsStyle""}], ""__typename"": ""SearchProductV5LabelGroups""}, {""position"": ""ri_product_offer_v2"", ""title"": ""Hemat s.d  1% Pakai Bonus"", ""type"": """", ""url"": """", ""styles"": [{""key"": ""outline-color"", ""value"": ""#FFD9A8"", ""__typename"": ""SearchProductV5LabelGroupsStyle""}, {""key"": ""text-color"", ""value"": ""#FF7F17"", ""__typename"": ""SearchProductV5LabelGroupsStyle""}], ""__typename"": ""SearchProductV5LabelGroups""}, {""position"": ""ri_product_offer_v2"", ""title"": ""Bisa COD"", ""type"": """", ""url"": """", ""styles"": [{""key"": ""outline-color"", ""value"": ""#DFE2EA"", ""__typename"": ""SearchProductV5LabelGroupsStyle""}, {""key"": ""text-color"", ""value"": ""#656C7B"", ""__typename"": ""SearchProductV5LabelGroupsStyle""}], ""__typename"": ""SearchProductV5LabelGroups""}]",50rb+ terjual | Hemat s.d  1% Pakai Bonus | 31% | Rp78.000 | Hemat s.d  1% Pakai Bonus | Bisa COD,7089,3549,200,refreshed,output\bodyCare_enriched_images\100725375984.jpg
102693499131,(TERSEDIA) NEW Skinflair Glutawhite Milky Lotion 150ml - Formula Baru untuk Kulit Tangan & Badan Putih & Lembut dengan 10% Niacinamide & Alpha Arbutin,https://www.tokopedia.com/skinflair-store-indo/tersedia-new-skinflair-glutawhite-milky-lotion-150ml-formula-baru-untuk-kulit-tangan-badan-putih-lembut-dengan-10-niacinamide-alpha-arbutin-1733609141397653409?extParam=ivf%3Dfalse%26keyword%3Dbody+care%26search_id%3D20260212104412577BCC914F9E55036POQ%26src%3Dsearch,perawatan-tubuh/perawatan-kulit/body-lotion,89800,Rp184.800,0,https://p19-images-sign-sg.tokopedia-static.net/tos-alisg-i-aphluv4xwc-sg/bc4fd463fbfe4f43b8748f1ac2afa6ce~tplv-aphluv4xwc-white-pad-v1:200:200.jpeg?lk3s=97278606&x-expires=1770896653&x-signature=8%2FmGpbGNHhli2DLcVlX%2B44MJqd0%3D&x-signature-webp=E40DUHGlsXLxNDQS2HxEEQZqQgw%3D,https://p19-images-sign-sg.tokopedia-static.net/tos-alisg-i-aphluv4xwc-sg/bc4fd463fbfe4f43b8748f1ac2afa6ce~tplv-aphluv4xwc-white-pad-v1:200:200.jpeg?lk3s=97278606&x-expires=1770896653&x-signature=8%2FmGpbGNHhli2DLcVlX%2B44MJqd0%3D&x-signature-webp=E40DUHGlsXLxNDQS2HxEEQZqQgw%3D,4.8,7494175236890396577,SKINFLAIR STORE INDO,https://www.tokopedia.com/skinflair-store-indo,Kab. Gresik,2,250,False,"[{""position"": ""ri_product_credibility"", ""title"": ""250+ terjual"", ""type"": """", ""url"": """", ""styles"": [], ""__typename"": ""SearchProductV5LabelGroups""}, {""position"": ""ri_product_offer"", ""title"": ""Bisa COD"", ""type"": """", ""url"": """", ""styles"": [{""key"": ""text-color"", ""value"": ""#FF7F17"", ""__typename"": ""SearchProductV5LabelGroupsStyle""}], ""__typename"": ""SearchProductV5LabelGroups""}, {""position"": ""ri_ribbon"", ""title"": ""51%"", ""type"": """", ""url"": """", ""styles"": [{""key"": ""background-color"", ""value"": ""#E02954"", ""__typename"": ""SearchProductV5LabelGroupsStyle""}, {""key"": ""text-color"", ""value"": ""#FFFFFF"", ""__typename"": ""SearchProductV5LabelGroupsStyle""}], ""__typename"": ""SearchProductV5LabelGroups""}, {""position"": ""final_price"", ""title"": ""Rp89.800"", ""type"": """", ""url"": """", ""styles"": [{""key"": ""text-color"", ""value"": ""#D70C4B"", ""__typename"": ""SearchProductV5LabelGroupsStyle""}], ""__typename"": ""SearchProductV5LabelGroups""}, {""position"": ""ri_product_offer_v2"", ""title"": ""Bisa COD"", ""type"": """", ""url"": """", ""styles"": [{""key"": ""outline-color"", ""value"": ""#DFE2EA"", ""__typename"": ""SearchProductV5LabelGroupsStyle""}, {""key"": ""text-color"", ""value"": ""#656C7B"", ""__typename"": ""SearchProductV5LabelGroupsStyle""}], ""__typename"": ""SearchProductV5LabelGroups""}]",250+ terjual | Bisa COD | 51% | Rp89.800 | Bisa COD,19,18,200,refreshed,output\bodyCare_enriched_images\102693499131.jpg
100564933075,NIVEA Body Serum Extra Bright Day and Night 2 Pack - Care Protect + Night Nourish - Satu Set Perawatan Badan Untuk Mencerahkan Melembabkan Kulit Kering Kusam,https://www.tokopedia.com/nivea-official-store/nivea-body-serum-extra-bright-day-and-night-2-pack-care-protect-night-nourish-satu-set-perawatan-badan-untuk-mencerahkan-melembabkan-kulit-kering-kusam-1729589803246062336?extParam=ivf%3Dfalse%26keyword%3Dbody+care%26search_id%3D20260212104412577BCC914F9E55036POQ%26src%3Dsearch%26whid%3D26345,perawatan-tubuh/perawatan-kulit/body-lotion,50569,Rp65.455,0,https://p16-images-sign-sg.tokopedia-static.net/tos-alisg-i-aphluv4xwc-sg/bf7a40655e61418087da488d9345bc3f~tplv-aphluv4xwc-white-pad-v1:200:200.jpeg?lk3s=97278606&x-expires=1770896653&x-signature=yrnrUiakZ6e1RoSwOaOaCK1bxyM%3D&x-signature-webp=GZEmjaqJIXdlF9vAKWmkLlJwayg%3D,https://p16-images-sign-sg.tokopedia-static.net/tos-alisg-i-aphluv4xwc-sg/bf7a40655e61418087da488d9345bc3f~tplv-aphluv4xwc-white-pad-v1:200:200.jpeg?lk3s=97278606&x-expires=1770896653&x-signature=yrnrUiakZ6e1RoSwOaOaCK1bxyM%3D&x-signature-webp=GZEmjaqJIXdlF9vAKWmkLlJwayg%3D,4.9,5222533,NIVEA Official Store,https://www.tokopedia.com/nivea-official-store,Bekasi,2,10000,False,"[{""position"": ""ri_product_credibility"", ""title"": ""10rb+ terjual"", ""type"": """", ""url"": """", ""styles"": [], ""__typename"": ""SearchProductV5LabelGroups""}, {""position"": ""ri_product_offer"", ""title"": ""Hemat s.d  1% Pakai Bonus"", ""type"": """", ""url"": """", ""styles"": [{""key"": ""text-color"", ""value"": ""#FF7F17"", ""__typename"": ""SearchProductV5LabelGroupsStyle""}], ""__typename"": ""SearchProductV5LabelGroups""}, {""position"": ""ri_ribbon"", ""title"": ""23%"", ""type"": """", ""url"": """", ""styles"": [{""key"": ""background-color"", ""value"": ""#E02954"", ""__typename"": ""SearchProductV5LabelGroupsStyle""}, {""key"": ""text-color"", ""value"": ""#FFFFFF"", ""__typename"": ""SearchProductV5LabelGroupsStyle""}], ""__typename"": ""SearchProductV5LabelGroups""}, {""position"": ""final_price"", ""title"": ""Rp50.569"", ""type"": """", ""url"": """", ""styles"": [{""key"": ""text-color"", ""value"": ""#D70C4B"", ""__typename"": ""SearchProductV5LabelGroupsStyle""}], ""__typename"": ""SearchProductV5LabelGroups""}, {""position"": ""ri_product_offer_v2"", ""title"": ""Hemat s.d  1% Pakai Bonus"", ""type"": """", ""url"": """", ""styles"": [{""key"": ""outline-color"", ""value"": ""#FFD9A8"", ""__typename"": ""SearchProductV5LabelGroupsStyle""}, {""key"": ""text-color"", ""value"": ""#FF7F17"", ""__typename"": ""SearchProductV5LabelGroupsStyle""}], ""__typename"": ""SearchProductV5LabelGroups""}, {""position"": ""ri_product_offer_v2"", ""title"": ""+Hadiah Gratis"", ""type"": """", ""url"": """", ""styles"": [{""key"": ""outline-color"", ""value"": ""#FFC1C5"", ""__typename"": ""SearchProductV5LabelGroupsStyle""}, {""key"": ""text-color"", ""value"": ""#D70C4B"", ""__typename"": ""SearchProductV5LabelGroupsStyle""}], ""__typename"": ""SearchProductV5LabelGroups""}]",10rb+ terjual | Hemat s.d  1% Pakai Bonus | 23% | Rp50.569 | Hemat s.d  1% Pakai Bonus | +Hadiah Gratis,4415,1103,200,refreshed,output\bodyCare_enriched_images\100564933075.jpg
102672321257,[SPECIAL MAMI LOUISSE 12.12 Buy 2 Get Dewy 100ml+ Smoothing 20ml + Pouch] Vaseline Gluta Hya Overnight + Flawless Bright 200ml,https://www.tokopedia.com/vaseline-indonesia/special-mami-louisse-12-12-buy-2-get-dewy-100ml-smoothing-20ml-pouch-vaseline-gluta-hya-overnight-flawless-bright-200ml-1733519828929381896?extParam=ivf%3Dfalse%26keyword%3Dbody+care%26search_id%3D20260212104412577BCC914F9E55036POQ%26src%3Dsearch,perawatan-tubuh/perawatan-kulit/body-lotion,107600,Rp136.300,0,https://p16-images-sign-sg.tokopedia-static.net/tos-alisg-i-aphluv4xwc-sg/1c72cec135d847c0bec805ad1efc3ca8~tplv-aphluv4xwc-white-pad-v1:200:200.jpeg?lk3s=97278606&x-expires=1770896653&x-signature=1JDfo8SkkB%2BD7BhRyOUYu%2BNqF4A%3D&x-signature-webp=7XlR8TZZ93R9ublKYS7koSxBVvA%3D,https://p16-images-sign-sg.tokopedia-static.net/tos-alisg-i-aphluv4xwc-sg/1c72cec135d847c0bec805ad1efc3ca8~tplv-aphluv4xwc-white-pad-v1:200:200.jpeg?lk3s=97278606&x-expires=1770896653&x-signature=1JDfo8SkkB%2BD7BhRyOUYu%2BNqF4A%3D&x-signature-webp=7XlR8TZZ93R9ublKYS7koSxBVvA%3D,4.9,7494687833781864968,Vaseline Indonesia,https://www.tokopedia.com/vaseline-indonesia,Tangerang,2,3000,False,"[{""position"": ""ri_product_credibility"", ""title"": ""3rb+ terjual"", ""type"": """", ""url"": """", ""styles"": [], ""__typename"": ""SearchProductV5LabelGroups""}, {""position"": ""nett_price"", ""title"": ""Rp107.600"", ""type"": """", ""url"": ""https://p16-images-comn-sg.tokopedia-static.net/tos-alisg-i-zr7vqa5nfb-sg/img/ic_promo-discount.png~tplv-zr7vqa5nfb-image.image"", ""styles"": [{""key"": ""background-color"", ""value"": ""#FFF5F6"", ""__typename"": ""SearchProductV5LabelGroupsStyle""}, {""key"": ""background-opacity"", ""value"": ""1"", ""__typename"": ""SearchProductV5LabelGroupsStyle""}, {""key"": ""outline-color"", ""value"": ""#FFB2C2"", ""__typename"": ""SearchProductV5LabelGroupsStyle""}, {""key"": ""text-color"", ""value"": ""#F94D63"", ""__typename"": ""SearchProductV5LabelGroupsStyle""}], ""__typename"": ""SearchProductV5LabelGroups""}, {""position"": ""overlay_1"", ""title"": ""Campaign"", ""type"": """", ""url"": ""https://p16-uploadpedia-sg.tokopedia-static.net/tos-alisg-i-zxty12jeln-sg/8caaede0c21c7e3be9a1b4e8d550acce.png~tplv-zxty12jeln-image.image"", ""styles"": [], ""__typename"": ""SearchProductV5LabelGroups""}, {""position"": ""ri_product_offer"", ""title"": ""Hemat s.d  1% Pakai Bonus"", ""type"": """", ""url"": """", ""styles"": [{""key"": ""text-color"", ""value"": ""#FF7F17"", ""__typename"": ""SearchProductV5LabelGroupsStyle""}], ""__typename"": ""SearchProductV5LabelGroups""}, {""position"": ""ri_ribbon"", ""title"": ""21%"", ""type"": """", ""url"": """", ""styles"": [{""key"": ""background-color"", ""value"": ""#E02954"", ""__typename"": ""SearchProductV5LabelGroupsStyle""}, {""key"": ""text-color"", ""value"": ""#FFFFFF"", ""__typename"": ""SearchProductV5LabelGroupsStyle""}], ""__typename"": ""SearchProductV5LabelGroups""}, {""position"": ""promotion_label"", ""title"": ""Harga Diskon"", ""type"": """", ""url"": ""https://p16-images-comn-sg.tokopedia-static.net/tos-alisg-i-zr7vqa5nfb-sg/img/promo/icon/discount-ic-2.png~tplv-zr7vqa5nfb-image.image"", ""styles"": [{""key"": ""background-color"", ""value"": ""#FEECEF"", ""__typename"": ""SearchProductV5LabelGroupsStyle""}, {""key"": ""outline-color"", ""value"": ""#FFC1C5"", ""__typename"": ""SearchProductV5LabelGroupsStyle""}, {""key"": ""text-color"", ""value"": ""#D70C4B"", ""__typename"": ""SearchProductV5LabelGroupsStyle""}], ""__typename"": ""SearchProductV5LabelGroups""}, {""position"": ""final_price"", ""title"": ""Rp107.600"", ""type"": """", ""url"": """", ""styles"": [{""key"": ""text-color"", ""value"": ""#D70C4B"", ""__typename"": ""SearchProductV5LabelGroupsStyle""}], ""__typename"": ""SearchProductV5LabelGroups""}, {""position"": ""ri_product_offer_v2"", ""title"": ""Hemat s.d  1% Pakai Bonus"", ""type"": """", ""url"": """", ""styles"": [{""key"": ""outline-color"", ""value"": ""#FFD9A8"", ""__typename"": ""SearchProductV5LabelGroupsStyle""}, {""key"": ""text-color"", ""value"": ""#FF7F17"", ""__typename"": ""SearchProductV5LabelGroupsStyle""}], ""__typename"": ""SearchProductV5LabelGroups""}, {""position"": ""ri_product_offer_v2"", ""title"": ""+2 lain, disc 3%"", ""type"": """", ""url"": """", ""styles"": [{""key"": ""outline-color"", ""value"": ""#FFC1C5"", ""__typename"": ""SearchProductV5LabelGroupsStyle""}, {""key"": ""text-color"", ""value"": ""#D70C4B"", ""__typename"": ""SearchProductV5LabelGroupsStyle""}], ""__typename"": ""SearchProductV5LabelGroups""}]","3rb+ terjual | Rp107.600 | Campaign | Hemat s.d  1% Pakai Bonus | 21% | Harga Diskon | Rp107.600 | Hemat s.d  1% Pakai Bonus | +2 lain, disc 3%",527,251,403,,
100579458093,GLUTAWHITE MILKY LOTION by SKINFLAIR 150ml Body Moisturizers Arbutin Mencerahkan,https://www.tokopedia.com/glow-up-solution/glutawhite-milky-lotion-by-skinflair-150ml-body-moisturizers-arbutin-mencerahkan-1731392595372573737?extParam=ivf%3Dfalse%26keyword%3Dbody+care%26search_id%3D20260212104412577BCC914F9E55036POQ%26src%3Dsearch,perawatan-tubuh/perawatan-kulit/body-lotion,88900,Rp100.001,0,https://p16-images-sign-sg.tokopedia-static.net/tos-alisg-i-aphluv4xwc-sg/6d34fbf5b3894b9db7c9af843b5c135b~tplv-aphluv4xwc-white-pad-v1:200:200.jpeg?lk3s=97278606&x-expires=1770896653&x-signature=1C2fafaGp9k4HgrgTaIKjJLKZGk%3D&x-signature-webp=VIxRzLYz%2BfKm4ZVSXf5M%2FGrOT98%3D,https://p16-images-sign-sg.tokopedia-static.net/tos-alisg-i-aphluv4xwc-sg/6d34fbf5b3894b9db7c9af843b5c135b~tplv-aphluv4xwc-white-pad-v1:200:200.jpeg?lk3s=97278606&x-expires=1770896653&x-signature=1C2fafaGp9k4HgrgTaIKjJLKZGk%3D&x-signature-webp=VIxRzLYz%2BfKm4ZVSXf5M%2FGrOT98%3D,4.8,7494552892846213161,Glow Up Solution,https://www.tokopedia.com/glow-up-solution,Kab. Gresik,2,8000,False,"[{""position"": ""ri_product_credibility"", ""title"": ""8rb+ terjual"", ""type"": """", ""url"": """", ""styles"": [], ""__typename"": ""SearchProductV5LabelGroups""}, {""position"": ""ri_product_offer"", ""title"": ""Bisa COD"", ""type"": """", ""url"": """", ""styles"": [{""key"": ""text-color"", ""value"": ""#FF7F17"", ""__typename"": ""SearchProductV5LabelGroupsStyle""}], ""__typename"": ""SearchProductV5LabelGroups""}, {""position"": ""ri_ribbon"", ""title"": ""11%"", ""type"": """", ""url"": """", ""styles"": [{""key"": ""background-color"", ""value"": ""#E02954"", ""__typename"": ""SearchProductV5LabelGroupsStyle""}, {""key"": ""text-color"", ""value"": ""#FFFFFF"", ""__typename"": ""SearchProductV5LabelGroupsStyle""}], ""__typename"": ""SearchProductV5LabelGroups""}, {""position"": ""final_price"", ""title"": ""Rp88.900"", ""type"": """", ""url"": """", ""styles"": [{""key"": ""text-color"", ""value"": ""#D70C4B"", ""__typename"": ""SearchProductV5LabelGroupsStyle""}], ""__typename"": ""SearchProductV5LabelGroups""}, {""position"": ""ri_product_offer_v2"", ""title"": ""Bisa COD"", ""type"": """", ""url"": """", ""styles"": [{""key"": ""outline-color"", ""value"": ""#DFE2EA"", ""__typename"": ""SearchProductV5LabelGroupsStyle""}, {""key"": ""text-color"", ""value"": ""#656C7B"", ""__typename"": ""SearchProductV5LabelGroupsStyle""}], ""__typename"": ""SearchProductV5LabelGroups""}]",8rb+ terjual | Bisa COD | 11% | Rp88.900 | Bisa COD,1015,214,200,refreshed,output\bodyCare_enriched_images\100579458093.jpg
102850000343,[FREE AMP + JUMBO SIZE] Gluta Rice Milk Body Mask Upsize 400ml,https://www.tokopedia.com/jejuby/free-amp-jumbo-size-gluta-rice-milk-body-mask-upsize-400ml-1734004844021319468?extParam=ivf%3Dfalse%26keyword%3Dbody+care%26search_id%3D20260212104412577BCC914F9E55036POQ%26src%3Dsearch,perawatan-tubuh/perawatan-kuku/foot-scrub,193000,Rp400.000,0,https://p16-images-sign-sg.tokopedia-static.net/tos-alisg-i-aphluv4xwc-sg/dcd3a2fd592a490d9527ac2a7f6cb45a~tplv-aphluv4xwc-white-pad-v1:200:200.jpeg?lk3s=97278606&x-expires=1770896653&x-signature=AcKCpy64Z1mNKjjVKZbgF7Oq%2Bf8%3D&x-signature-webp=pjQ1W2sImFZfIzRG%2Bq%2FnmxhjB1s%3D,https://p16-images-sign-sg.tokopedia-static.net/tos-alisg-i-aphluv4xwc-sg/dcd3a2fd592a490d9527ac2a7f6cb45a~tplv-aphluv4xwc-white-pad-v1:200:200.jpeg?lk3s=97278606&x-expires=1770896653&x-signature=AcKCpy64Z1mNKjjVKZbgF7Oq%2Bf8%3D&x-signature-webp=pjQ1W2sImFZfIzRG%2Bq%2FnmxhjB1s%3D,4.9,7495475059032623916,Jejuby,https://www.tokopedia.com/jejuby,Tangerang Selatan,2,2000,False,"[{""position"": ""ri_product_credibility"", ""title"": ""2rb+ terjual"", ""type"": """", ""url"": """", ""styles"": [], ""__typename"": ""SearchProductV5LabelGroups""}, {""position"": ""ri_product_offer"", ""title"": ""Hemat s.d  1% Pakai Bonus"", ""type"": """", ""url"": """", ""styles"": [{""key"": ""text-color"", ""value"": ""#FF7F17"", ""__typename"": ""SearchProductV5LabelGroupsStyle""}], ""__typename"": ""SearchProductV5LabelGroups""}, {""position"": ""ri_ribbon"", ""title"": ""52%"", ""type"": """", ""url"": """", ""styles"": [{""key"": ""background-color"", ""value"": ""#E02954"", ""__typename"": ""SearchProductV5LabelGroupsStyle""}, {""key"": ""text-color"", ""value"": ""#FFFFFF"", ""__typename"": ""SearchProductV5LabelGroupsStyle""}], ""__typename"": ""SearchProductV5LabelGroups""}, {""position"": ""final_price"", ""title"": ""Rp193.000"", ""type"": """", ""url"": """", ""styles"": [{""key"": ""text-color"", ""value"": ""#D70C4B"", ""__typename"": ""SearchProductV5LabelGroupsStyle""}], ""__typename"": ""SearchProductV5LabelGroups""}, {""position"": ""ri_product_offer_v2"", ""title"": ""Hemat s.d  1% Pakai Bonus"", ""type"": """", ""url"": """", ""styles"": [{""key"": ""outline-color"", ""value"": ""#FFD9A8"", ""__typename"": ""SearchProductV5LabelGroupsStyle""}, {""key"": ""text-color"", ""value"": ""#FF7F17"", ""__typename"": ""SearchProductV5LabelGroupsStyle""}], ""__typename"": ""SearchProductV5LabelGroups""}, {""position"": ""ri_product_offer_v2"", ""title"": ""Bisa COD"", ""type"": """", ""url"": """", ""styles"": [{""key"": ""outline-color"", ""value"": ""#DFE2EA"", ""__typename"": ""SearchProductV5LabelGroupsStyle""}, {""key"": ""text-color"", ""value"": ""#656C7B"", ""__typename"": ""SearchProductV5LabelGroupsStyle""}], ""__typename"": ""SearchProductV5LabelGroups""}]",2rb+ terjual | Hemat s.d  1% Pakai Bonus | 52% | Rp193.000 | Hemat s.d  1% Pakai Bonus | Bisa COD,252,146,200,refreshed,output\bodyCare_enriched_images\102850000343.jpg
